BPM,ENERGY,DANCE,LOUD,VALENCE,LENS,ACOUSTIC,STAT
216,14,40,-13,18,141,80,2
206,89,38,-9,80,247,3,1
204,41,62,-12,74,252,68,1
204,47,24,-8,39,205,31,1
203,64,26,-10,38,281,20,1
203,82,27,-6,81,233,10,1
200,18,46,-17,40,144,76,2
198,52,70,-7,55,303,1,1
196,93,31,-6,38,280,2,1
194,93,49,-4,92,203,61,1
194,43,35,-11,26,275,16,1
193,58,43,-5,27,193,4,1
191,93,40,-7,73,408,0,1
190,19,54,-21,41,102,92,2
190,24,45,-14,30,336,55,1
189,76,43,-8,66,247,2,1
188,31,37,-20,43,168,86,2
188,70,31,-6,76,255,1,1
186,99,38,-2,77,176,0,1
186,44,24,-11,40,390,11,1
186,87,34,-3,27,260,8,1
186,54,30,-8,54,203,16,1
185,52,73,-11,96,203,7,1
184,34,38,-13,69,179,81,1
184,9,39,-15,36,201,98,1
184,82,26,-6,40,403,2,1
184,51,35,-8,22,291,40,1
183,44,56,-8,44,288,29,1
182,50,40,-11,82,149,39,1
181,53,39,-9,33,276,25,1
181,39,36,-14,50,218,75,1
181,59,56,-9,68,306,32,1
181,62,61,-17,96,210,24,1
180,24,67,-13,9,85,75,2
180,25,63,-15,35,115,96,2
180,15,55,-17,43,107,97,2
180,33,47,-17,12,107,94,2
180,32,38,-17,28,156,90,2
180,19,55,-16,41,149,60,2
180,35,60,-10,26,173,40,2
180,46,53,-12,17,139,59,2
180,39,79,-10,9,148,89,2
180,60,64,-11,21,197,36,2
180,17,77,-13,13,85,2,2
180,13,69,-16,48,85,51,2
180,18,57,-15,21,192,43,2
180,23,38,-14,59,64,14,2
180,23,38,-14,59,64,14,2
180,23,38,-14,59,64,14,2
180,23,38,-14,59,64,14,2
180,23,38,-14,59,64,14,2
180,23,38,-14,59,64,14,2
180,23,38,-14,59,64,14,2
180,21,51,-12,10,75,73,2
180,21,51,-12,10,75,73,2
180,21,51,-12,10,75,73,2
180,21,51,-12,10,75,73,2
180,21,51,-12,10,75,73,2
180,21,51,-12,10,75,73,2
180,21,51,-12,10,75,73,2
180,52,60,-9,4,107,21,2
180,52,60,-9,4,107,21,2
180,52,60,-9,4,107,21,2
180,52,60,-9,4,107,21,2
180,52,60,-9,4,107,21,2
180,52,60,-9,4,107,21,2
180,52,60,-9,4,107,21,2
180,31,30,-18,8,128,87,2
180,41,45,-13,9,107,82,2
180,66,50,-9,89,240,33,1
180,63,47,-5,16,212,3,1
180,66,51,-7,46,228,3,1
180,42,50,-8,22,281,13,1
180,76,26,-7,43,284,6,1
180,43,22,-9,50,216,82,1
180,95,44,-8,36,258,3,1
179,77,51,-6,94,142,6,1
179,47,33,-9,43,336,60,1
179,54,45,-7,61,266,68,1
178,18,51,-12,82,87,79,2
178,65,63,-13,77,71,45,2
178,64,38,-7,8,261,7,1
178,80,66,-5,84,229,20,1
178,34,39,-10,48,303,65,1
177,90,50,-7,77,183,36,1
177,55,52,-14,91,289,50,1
177,76,58,-6,66,201,16,1
177,32,29,-12,38,201,80,1
177,78,39,-3,90,134,0,1
177,37,43,-12,65,125,18,1
177,48,65,-16,80,448,23,1
177,80,54,-9,89,220,7,1
176,18,77,-14,38,123,39,2
176,42,57,-9,25,156,69,2
176,15,65,-15,56,289,98,2
176,21,61,-15,4,109,97,2
176,24,62,-17,35,153,79,2
176,38,61,-10,47,131,62,2
176,38,61,-10,47,131,62,2
176,38,61,-10,47,131,62,2
176,38,61,-10,47,131,62,2
176,38,61,-10,47,131,62,2
176,38,61,-10,47,131,62,2
176,38,61,-10,47,131,62,2
176,54,44,-8,4,134,54,2
176,74,66,-7,91,240,66,1
176,91,21,-7,45,313,48,1
175,25,30,-15,14,110,52,2
175,45,42,-13,17,219,64,1
175,72,31,-6,41,200,5,1
175,87,37,-5,48,259,0,1
175,10,38,-21,44,165,91,1
175,76,36,-8,95,136,73,1
175,52,48,-12,10,311,33,1
175,66,39,-6,46,274,28,1
174,20,54,-14,23,88,54,2
174,35,55,-15,4,99,81,2
174,44,76,-9,95,149,24,2
174,4,58,-25,16,121,92,2
174,72,43,-6,69,268,10,1
174,96,49,-2,81,277,3,1
174,45,46,-11,42,257,16,1
174,6,35,-17,30,190,98,1
174,44,64,-14,15,154,13,1
174,89,36,-7,26,294,2,1
174,38,21,-10,45,191,72,1
174,61,76,-13,86,189,8,1
174,26,45,-13,60,324,54,1
174,42,53,-12,19,411,31,1
174,90,41,-8,67,273,43,1
174,94,25,-5,46,234,3,1
174,28,36,-12,20,174,54,1
174,54,65,-13,90,255,12,1
173,66,43,-7,28,267,0,1
173,96,43,-4,37,269,0,1
173,30,32,-13,44,264,77,1
173,87,33,-8,49,508,21,1
173,55,34,-8,36,280,33,1
172,31,58,-12,13,156,68,2
172,60,62,-12,26,132,37,2
172,42,63,-10,21,100,53,2
172,20,84,-11,58,137,90,2
172,19,55,-14,34,126,95,2
172,15,57,-14,4,67,32,2
172,15,57,-14,4,67,32,2
172,15,57,-14,4,67,32,2
172,15,57,-14,4,67,32,2
172,15,57,-14,4,67,32,2
172,15,57,-14,4,67,32,2
172,15,57,-14,4,67,32,2
172,31,65,-18,7,89,64,2
172,31,65,-18,7,89,64,2
172,31,65,-18,7,89,64,2
172,31,65,-18,7,89,64,2
172,31,65,-18,7,89,64,2
172,31,65,-18,7,89,64,2
172,31,65,-18,7,89,64,2
172,76,45,-5,54,224,0,1
172,14,39,-17,26,226,79,1
172,40,39,-8,59,192,89,1
172,66,45,-4,37,236,8,1
172,80,21,-7,68,377,1,1
172,94,46,-7,80,252,44,1
172,84,20,-8,39,590,28,1
171,92,36,-6,52,357,3,1
171,74,69,-5,6,326,1,1
171,46,54,-10,80,187,19,1
171,75,56,-8,35,240,27,1
171,73,35,-9,70,471,8,1
171,34,28,-13,23,277,72,1
171,50,40,-11,37,327,8,1
171,58,51,-5,67,279,3,1
171,64,46,-6,29,229,25,1
171,48,26,-8,7,319,4,1
170,74,57,-9,42,213,4,2
170,40,78,-10,41,127,91,2
170,24,66,-13,6,158,82,2
170,12,55,-25,24,129,88,2
170,47,79,-10,32,148,27,2
170,24,68,-15,23,125,53,2
170,12,64,-14,22,135,85,2
170,27,78,-13,24,165,80,2
170,42,69,-11,40,102,24,2
170,47,62,-8,22,116,64,2
170,60,69,-9,84,103,20,2
170,34,69,-16,11,170,80,2
170,16,71,-14,28,90,56,2
170,28,57,-16,6,120,41,2
170,39,78,-20,60,97,97,2
170,30,69,-12,50,113,86,2
170,34,60,-12,14,96,48,2
170,22,77,-12,50,80,79,2
170,34,60,-12,14,96,48,2
170,22,77,-12,50,80,79,2
170,34,60,-12,14,96,48,2
170,22,77,-12,50,80,79,2
170,34,60,-12,14,96,48,2
170,22,77,-12,50,80,79,2
170,34,60,-12,14,96,48,2
170,22,77,-12,50,80,79,2
170,34,60,-12,14,96,48,2
170,22,77,-12,50,80,79,2
170,34,60,-12,14,96,48,2
170,22,77,-12,50,80,79,2
170,38,56,-12,4,68,33,2
170,38,56,-12,4,68,33,2
170,38,56,-12,4,68,33,2
170,38,56,-12,4,68,33,2
170,38,56,-12,4,68,33,2
170,38,56,-12,4,68,33,2
170,38,56,-12,4,68,33,2
170,37,69,-15,7,127,37,2
170,12,62,-21,27,150,95,2
170,36,76,-9,47,103,75,2
170,16,59,-22,59,115,94,2
170,64,73,-6,65,202,5,1
170,66,46,-9,53,274,3,1
170,28,47,-16,33,232,25,1
170,89,32,-7,87,221,0,1
170,49,28,-8,53,427,16,1
170,39,19,-14,32,371,26,1
170,68,44,-7,19,295,46,1
170,54,51,-7,28,241,31,1
170,69,57,-7,78,237,4,1
169,77,35,-6,53,210,1,1
169,26,47,-11,46,309,88,1
169,84,47,-6,69,158,0,1
169,83,55,-11,91,241,9,1
169,88,35,-5,41,202,3,1
169,72,41,-8,31,189,0,1
169,38,23,-14,33,261,75,1
168,20,85,-15,26,145,16,2
168,38,80,-10,35,109,20,2
168,45,47,-14,34,140,23,2
168,31,69,-14,13,116,54,2
168,41,59,-15,85,134,45,2
168,28,64,-14,14,120,83,2
168,21,69,-12,17,91,32,2
168,21,69,-12,17,91,32,2
168,21,69,-12,17,91,32,2
168,21,69,-12,17,91,32,2
168,21,69,-12,17,91,32,2
168,21,69,-12,17,91,32,2
168,21,69,-12,17,91,32,2
168,82,61,-5,29,187,1,1
168,80,53,-9,97,162,74,1
168,60,58,-6,65,263,0,1
168,94,32,-7,54,178,3,1
168,69,66,-9,52,341,2,1
168,60,54,-11,64,291,4,1
168,47,28,-8,25,257,24,1
168,7,17,-21,10,298,92,1
168,93,51,-5,67,272,0,1
168,94,48,-7,26,213,0,1
168,77,38,-6,42,185,0,1
168,57,38,-5,26,278,4,1
168,82,51,-11,7,232,0,1
167,64,31,-9,31,306,2,1
167,89,49,-4,64,245,0,1
167,68,50,-4,47,262,1,1
167,58,65,-10,92,146,41,1
167,61,24,-8,33,258,66,1
167,47,30,-13,58,228,69,1
166,15,67,-16,32,127,90,2
166,34,74,-13,24,107,87,2
166,29,38,-8,17,201,95,1
166,87,36,-8,61,194,0,1
166,50,40,-12,68,257,83,1
166,57,32,-5,38,212,38,1
166,49,38,-12,21,211,24,1
165,31,53,-11,20,135,2,2
165,19,30,-12,4,123,77,2
165,38,53,-12,19,260,3,1
165,60,31,-6,16,394,10,1
165,56,48,-6,54,154,32,1
164,33,44,-16,8,198,92,2
164,24,61,-20,6,143,82,2
164,29,64,-12,25,108,72,2
164,54,28,-9,23,109,97,2
164,19,66,-12,26,117,78,2
164,19,66,-12,26,117,78,2
164,19,66,-12,26,117,78,2
164,19,66,-12,26,117,78,2
164,19,66,-12,26,117,78,2
164,19,66,-12,26,117,78,2
164,19,66,-12,26,117,78,2
164,48,87,-7,59,117,75,2
164,43,26,-13,55,198,55,1
164,72,48,-5,25,405,5,1
164,85,25,-7,19,387,4,1
163,30,50,-14,13,174,89,2
163,51,49,-8,34,214,58,1
163,66,42,-12,45,168,0,1
163,46,36,-14,18,337,29,1
163,92,33,-4,34,290,6,1
163,79,39,-6,34,204,0,1
162,8,53,-16,14,179,71,2
162,25,65,-16,42,113,92,2
162,34,44,-12,4,96,85,2
162,34,44,-12,4,96,85,2
162,34,44,-12,4,96,85,2
162,34,44,-12,4,96,85,2
162,34,44,-12,4,96,85,2
162,34,44,-12,4,96,85,2
162,34,44,-12,4,96,85,2
162,21,84,-22,92,77,33,2
162,33,56,-11,30,236,90,1
162,82,46,-6,47,299,1,1
162,57,37,-9,66,331,39,1
161,43,31,-10,22,267,39,1
161,56,44,-12,50,194,5,1
161,84,26,-7,46,157,0,1
160,5,72,-20,22,159,89,2
160,35,61,-16,9,120,83,2
160,3,67,-18,13,184,80,2
160,38,59,-6,15,97,82,2
160,44,78,-16,25,144,78,2
160,32,68,-12,17,110,95,2
160,28,69,-14,24,150,83,2
160,23,71,-9,33,157,66,2
160,19,80,-13,27,85,68,2
160,16,42,-13,33,114,29,2
160,13,72,-12,23,121,61,2
160,38,58,-10,17,133,97,2
160,33,79,-18,74,108,23,2
160,13,83,-20,17,135,19,2
160,28,81,-14,41,108,33,2
160,36,42,-10,21,138,73,2
160,39,52,-12,70,111,95,2
160,25,45,-13,44,195,85,2
160,12,56,-14,84,105,72,2
160,50,77,-8,24,123,27,2
160,25,70,-13,58,218,86,2
160,27,70,-12,62,120,89,2
160,29,68,-14,21,96,58,2
160,29,68,-14,21,96,58,2
160,27,70,-12,62,120,89,2
160,29,68,-14,21,96,58,2
160,27,70,-12,62,120,89,2
160,29,68,-14,21,96,58,2
160,27,70,-12,62,120,89,2
160,29,68,-14,21,96,58,2
160,27,70,-12,62,120,89,2
160,29,68,-14,21,96,58,2
160,27,70,-12,62,120,89,2
160,29,68,-14,21,96,58,2
160,27,70,-12,62,120,89,2
160,12,59,-16,20,96,40,2
160,12,59,-16,20,96,40,2
160,12,59,-16,20,96,40,2
160,12,59,-16,20,96,40,2
160,12,59,-16,20,96,40,2
160,12,59,-16,20,96,40,2
160,12,59,-16,20,96,40,2
160,22,56,-12,37,84,10,2
160,22,56,-12,37,84,10,2
160,22,56,-12,37,84,10,2
160,22,56,-12,37,84,10,2
160,22,56,-12,37,84,10,2
160,22,56,-12,37,84,10,2
160,22,56,-12,37,84,10,2
160,19,53,-17,11,177,78,2
160,82,65,-5,96,233,22,1
160,74,27,-5,42,321,5,1
160,64,59,-8,56,185,56,1
160,80,49,-10,97,174,27,1
160,80,65,-5,94,219,6,1
160,61,43,-8,37,391,2,1
160,61,36,-6,49,237,54,1
160,98,41,-4,35,323,0,1
160,61,28,-8,16,290,28,1
159,5,39,-18,10,182,93,2
159,80,46,-9,61,202,5,1
159,16,41,-22,42,199,88,1
159,84,29,-4,42,334,0,1
159,99,24,-4,37,187,1,1
159,96,37,-5,44,283,0,1
159,17,48,-19,19,228,73,1
159,64,52,-5,32,272,39,1
158,34,49,-10,5,146,79,2
158,17,77,-22,31,124,80,2
158,10,52,-18,30,76,88,2
158,88,41,-6,36,251,0,1
158,45,48,-6,29,295,34,1
157,30,53,-14,68,201,94,1
157,88,44,-5,51,255,0,1
156,23,77,-15,4,160,81,2
156,17,85,-14,57,138,38,2
156,42,80,-12,47,92,40,2
156,47,68,-12,43,154,32,2
156,87,56,-5,60,209,5,1
156,79,29,-6,51,290,0,1
156,91,48,-4,54,267,4,1
156,87,37,-5,22,308,1,1
156,30,40,-15,19,249,63,1
156,50,53,-11,79,153,48,1
156,41,45,-11,32,245,74,1
156,48,62,-9,73,259,6,1
155,28,50,-15,67,173,64,1
155,47,34,-11,16,237,38,1
155,54,27,-7,33,285,49,1
154,2,71,-24,10,156,80,2
154,6,75,-18,45,155,90,2
154,36,45,-13,30,444,47,1
154,24,50,-12,31,272,84,1
154,38,35,-16,48,276,9,1
154,70,68,-10,51,306,8,1
154,58,27,-8,20,308,1,1
154,95,35,-5,86,240,0,1
153,91,54,-6,37,203,0,1
153,63,57,-9,79,300,13,1
153,40,54,-10,24,289,58,1
153,78,26,-9,26,183,1,1
153,23,38,-12,15,225,85,1
153,64,36,-10,45,272,1,1
153,45,69,-13,70,342,3,1
152,22,60,-13,6,151,76,2
152,6,57,-18,8,145,98,2
152,35,81,-7,65,142,19,2
152,32,58,-12,83,150,57,2
152,34,71,-15,50,146,49,2
152,25,71,-16,53,127,69,2
152,67,55,-9,48,270,1,1
152,52,45,-10,25,312,32,1
152,88,51,-5,68,268,0,1
151,59,40,-12,17,154,81,2
151,46,69,-8,72,242,60,1
151,58,49,-11,91,183,18,1
151,81,58,-7,87,290,3,1
151,43,63,-16,95,264,23,1
150,31,46,-17,23,154,89,2
150,0,54,-25,6,157,86,2
150,10,65,-20,27,122,92,2
150,41,46,-7,22,108,93,2
150,27,69,-13,6,160,23,2
150,13,42,-12,20,142,83,2
150,28,58,-15,35,134,80,2
150,38,52,-19,6,186,93,2
150,39,78,-11,41,160,20,2
150,25,74,-16,37,135,57,2
150,17,78,-17,57,106,90,2
150,34,57,-12,58,77,90,2
150,25,73,-17,20,162,90,2
150,68,74,-7,23,173,36,2
150,32,78,-11,41,128,62,2
150,37,70,-12,27,109,30,2
150,25,68,-11,30,114,23,2
150,22,50,-14,16,144,76,2
150,49,70,-11,25,143,40,2
150,20,88,-21,80,208,91,2
150,25,65,-8,16,128,13,2
150,25,65,-8,16,128,13,2
150,25,65,-8,16,128,13,2
150,25,65,-8,16,128,13,2
150,25,65,-8,16,128,13,2
150,25,65,-8,16,128,13,2
150,25,65,-8,16,128,13,2
150,40,68,-17,18,106,68,2
150,63,34,-7,35,241,16,1
150,80,25,-4,25,309,13,1
150,81,49,-5,25,252,4,1
150,66,25,-7,44,249,50,1
150,80,29,-5,12,448,47,1
150,93,24,-3,23,185,36,1
150,82,55,-9,57,217,2,1
150,43,49,-8,31,315,10,1
150,79,34,-6,43,264,0,1
150,92,35,-2,54,226,0,1
150,59,44,-7,25,266,15,1
149,90,43,-5,68,167,1,1
149,94,53,-6,50,241,1,1
149,67,29,-9,22,255,0,1
149,30,33,-7,14,243,78,1
149,88,18,-4,39,226,0,1
148,9,72,-16,13,120,86,2
148,37,64,-9,9,156,91,2
148,1,71,-21,26,165,63,2
148,29,54,-22,15,159,97,2
148,8,47,-20,16,182,76,2
148,36,70,-13,11,156,85,2
148,23,85,-16,51,104,70,2
148,4,76,-15,33,159,96,2
148,30,63,-14,7,144,67,2
148,33,65,-11,15,149,1,2
148,17,69,-17,26,150,87,2
148,10,76,-18,16,130,64,2
148,35,68,-15,31,139,60,2
148,36,59,-17,9,135,90,2
148,46,64,-8,43,165,95,2
148,63,49,-7,8,275,68,1
148,48,81,-10,62,180,1,1
148,92,36,-4,23,223,0,1
148,48,39,-9,57,217,62,1
148,76,91,-5,87,298,7,1
148,87,73,-7,92,350,6,1
148,21,33,-18,28,187,84,1
148,41,66,-14,83,213,86,1
148,93,44,-5,78,169,42,1
148,70,49,-8,62,209,4,1
148,91,27,-5,48,200,0,1
147,51,58,-9,61,391,1,1
147,31,55,-10,25,261,82,1
147,93,51,-3,31,297,13,1
147,89,55,-3,72,233,0,1
147,59,56,-7,97,198,6,1
147,90,53,-9,91,205,0,1
147,91,60,-7,72,290,31,1
146,34,54,-11,18,136,84,2
146,22,53,-16,5,138,72,2
146,22,76,-13,60,126,10,2
146,19,73,-18,47,216,99,2
146,26,80,-15,53,178,78,2
146,47,62,-14,38,134,54,2
146,11,92,-15,18,144,32,2
146,17,67,-17,11,134,85,2
146,25,64,-17,10,113,61,2
146,24,79,-16,40,162,46,2
146,24,72,-14,16,97,19,2
146,25,62,-13,23,79,47,2
146,25,62,-13,23,79,47,2
146,25,62,-13,23,79,47,2
146,25,62,-13,23,79,47,2
146,25,62,-13,23,79,47,2
146,25,62,-13,23,79,47,2
146,25,62,-13,23,79,47,2
146,44,56,-7,21,310,73,1
146,92,64,-4,85,258,3,1
146,94,27,-4,61,270,1,1
146,45,54,-9,14,283,46,1
146,31,30,-11,46,181,87,1
146,73,44,-12,54,213,26,1
146,34,51,-13,27,301,0,1
146,28,49,-14,17,360,30,1
145,43,41,-11,28,377,38,1
145,97,71,-5,90,288,8,1
145,59,43,-5,19,227,6,1
145,27,40,-12,9,225,74,1
145,43,31,-11,31,312,29,1
145,46,31,-9,43,188,16,1
145,91,38,-4,27,266,0,1
145,44,42,-9,30,230,22,1
145,99,64,-7,17,378,1,1
145,51,52,-8,65,154,48,1
144,11,65,-16,14,170,89,2
144,26,56,-15,14,155,96,2
144,35,43,-11,14,117,94,2
144,23,74,-15,46,130,87,2
144,20,67,-17,31,166,46,2
144,20,52,-14,27,210,76,2
144,21,66,-17,16,83,89,2
144,16,57,-18,19,168,88,2
144,40,39,-10,23,354,29,1
144,55,54,-7,23,239,5,1
144,59,38,-6,27,291,35,1
144,55,63,-9,52,274,37,1
144,34,64,-11,55,251,91,1
144,75,66,-11,97,170,10,1
144,48,34,-10,18,260,28,1
144,55,27,-8,20,374,3,1
144,94,43,-5,47,314,1,1
144,59,62,-11,65,253,4,1
144,91,59,-8,93,244,15,1
144,26,36,-11,49,179,91,1
144,44,47,-11,31,281,60,1
144,90,43,-4,60,279,0,1
143,39,59,-15,17,82,55,2
143,39,59,-15,17,82,55,2
143,39,59,-15,17,82,55,2
143,39,59,-15,17,82,55,2
143,39,59,-15,17,82,55,2
143,39,59,-15,17,82,55,2
143,39,59,-15,17,82,55,2
143,40,44,-8,41,243,63,1
143,48,66,-9,64,191,64,1
143,90,72,-4,96,189,9,1
143,74,71,-8,64,231,26,1
143,83,44,-7,65,322,5,1
143,63,57,-12,87,258,49,1
143,76,56,-7,93,214,0,1
143,43,47,-12,24,271,18,1
143,83,54,-6,71,178,11,1
142,6,77,-15,37,122,92,2
142,35,72,-12,35,130,76,2
142,82,58,-7,73,272,18,1
142,28,59,-5,34,272,88,1
142,36,56,-11,17,389,5,1
142,51,60,-10,35,218,5,1
142,97,48,-7,49,163,7,1
142,95,53,-5,38,280,0,1
142,70,46,-10,51,428,29,1
142,92,56,-4,59,235,0,1
142,85,53,-12,91,239,31,1
141,28,46,-17,4,204,76,2
141,66,38,-6,33,353,12,1
141,93,33,-9,38,308,0,1
141,76,37,-6,66,289,62,1
141,82,57,-8,77,239,1,1
141,66,58,-14,66,361,1,1
140,49,66,-8,5,206,3,2
140,12,67,-16,14,156,93,2
140,6,58,-21,8,130,89,2
140,8,65,-15,17,135,85,2
140,6,59,-21,17,110,77,2
140,47,63,-14,27,137,89,2
140,8,72,-19,17,129,91,2
140,14,71,-19,17,171,61,2
140,37,69,-11,15,141,87,2
140,31,67,-7,21,136,92,2
140,22,72,-13,38,110,94,2
140,9,68,-17,21,137,90,2
140,21,66,-25,18,124,73,2
140,25,55,-11,12,110,95,2
140,30,85,-11,42,159,4,2
140,27,69,-15,45,145,80,2
140,40,72,-5,22,117,44,2
140,10,51,-19,5,195,90,2
140,19,71,-17,51,113,71,2
140,32,78,-10,39,225,2,2
140,24,82,-12,29,141,70,2
140,65,71,-5,17,123,97,2
140,17,74,-23,4,177,94,2
140,53,84,-12,23,113,42,2
140,41,75,-7,64,83,50,2
140,11,72,-10,48,86,52,2
140,36,64,-9,40,118,85,2
140,78,57,-10,14,106,66,2
140,51,87,-11,37,171,74,2
140,6,73,-23,38,105,55,2
140,35,70,-10,6,127,61,2
140,41,90,-9,47,161,93,2
140,43,76,-9,56,124,87,2
140,39,75,-11,14,199,81,2
140,40,78,-12,63,113,38,2
140,33,57,-11,37,123,97,2
140,69,67,-11,11,165,64,2
140,17,80,-11,33,212,83,2
140,34,85,-10,37,211,37,2
140,17,74,-11,30,146,77,2
140,20,86,-15,33,165,68,2
140,19,79,-20,18,151,77,2
140,38,79,-11,30,151,82,2
140,25,63,-17,85,98,45,2
140,25,78,-13,62,98,3,2
140,24,73,-18,15,96,15,2
140,35,64,-15,13,96,56,2
140,20,60,-14,21,104,54,2
140,71,62,-7,49,211,6,1
140,59,45,-7,20,279,5,1
140,86,79,-6,77,219,13,1
140,59,38,-7,34,243,5,1
140,40,51,-13,23,150,25,1
140,98,32,-7,23,166,0,1
140,44,30,-13,43,319,7,1
140,39,43,-7,16,342,69,1
140,65,47,-10,40,340,1,1
140,55,56,-7,19,273,19,1
140,21,59,-15,38,180,90,1
140,51,80,-9,52,243,5,1
140,82,42,-4,63,194,0,1
140,95,58,-9,30,456,0,1
140,24,70,-13,66,158,63,1
140,68,51,-3,36,196,28,1
140,63,46,-6,10,348,5,1
140,81,61,-8,82,210,34,1
139,83,51,-6,77,216,2,1
139,71,82,-7,77,223,1,1
139,67,57,-10,74,212,34,1
139,88,64,-4,74,242,8,1
139,81,59,-6,80,154,14,1
139,45,59,-9,51,291,70,1
139,48,52,-8,46,247,3,1
139,97,54,-6,93,166,42,1
139,53,59,-7,23,241,14,1
139,60,54,-10,25,387,1,1
139,77,55,-9,42,253,0,1
139,28,49,-12,16,237,65,1
139,77,44,-4,20,346,0,1
139,80,76,-6,91,258,3,1
139,43,57,-9,36,233,60,1
138,36,74,-16,30,141,79,2
138,23,70,-18,23,141,95,2
138,24,63,-19,6,148,83,2
138,6,66,-27,5,143,95,2
138,7,53,-20,5,139,96,2
138,40,66,-13,12,98,84,2
138,42,21,-9,12,296,16,1
138,62,49,-7,42,242,9,1
138,48,53,-12,49,517,70,1
138,28,58,-9,81,127,94,1
138,99,51,-3,65,197,0,1
138,87,23,-5,19,256,0,1
138,74,43,-7,9,285,2,1
138,29,27,-12,4,811,77,1
138,58,65,-8,74,164,41,1
138,75,75,-7,83,215,29,1
138,44,50,-8,14,406,48,1
138,45,49,-12,13,254,31,1
138,93,55,-4,81,189,4,1
138,32,26,-12,17,211,89,1
138,57,37,-11,30,246,2,1
138,85,60,-6,9,235,1,1
138,62,63,-7,50,225,54,1
138,64,71,-10,10,177,0,1
138,78,48,-8,18,319,1,1
138,55,33,-6,23,224,31,1
137,19,82,-14,7,98,72,2
137,27,82,-15,40,185,90,2
137,53,60,-9,34,282,43,1
137,72,28,-5,17,231,1,1
137,69,55,-14,67,262,2,1
137,48,49,-9,33,227,42,1
137,30,59,-10,14,240,69,1
137,96,37,-5,21,366,0,1
137,76,60,-11,39,243,0,1
137,90,60,-7,62,219,4,1
137,47,47,-10,57,269,18,1
137,33,51,-11,27,198,72,1
137,24,61,-16,16,331,24,1
136,17,77,-17,7,158,90,2
136,8,63,-16,18,131,91,2
136,9,75,-15,15,114,90,2
136,9,60,-25,16,170,85,2
136,26,63,-13,6,176,67,2
136,33,73,-14,16,155,89,2
136,42,87,-11,18,142,27,2
136,12,57,-23,7,159,94,2
136,21,74,-10,17,155,89,2
136,17,77,-17,13,170,67,2
136,54,75,-10,35,116,48,2
136,17,66,-19,31,161,80,2
136,34,69,-11,8,113,98,2
136,37,74,-14,41,146,67,2
136,19,74,-16,34,233,31,2
136,39,56,-15,61,152,59,2
136,23,82,-17,4,141,63,2
136,39,61,-10,39,113,5,2
136,86,72,-8,93,223,4,1
136,33,50,-11,40,221,59,1
136,92,47,-4,54,235,0,1
136,78,45,-4,24,187,11,1
136,77,52,-6,88,245,4,1
136,55,43,-6,41,272,67,1
136,83,51,-8,74,513,4,1
136,76,53,-12,51,214,0,1
136,99,61,-5,23,343,0,1
136,46,53,-6,29,266,70,1
136,93,54,-6,45,246,1,1
136,92,37,-7,63,296,1,1
136,98,54,-8,52,225,17,1
136,14,45,-13,16,176,96,1
136,93,66,-6,46,212,46,1
136,80,67,-5,79,211,1,1
136,43,28,-7,7,219,28,1
136,90,65,-11,61,222,0,1
136,37,53,-12,22,284,73,1
136,97,41,-4,35,218,0,1
136,16,44,-11,29,167,91,1
136,6,32,-22,26,191,83,1
135,19,73,-18,14,188,64,2
135,43,55,-15,19,119,94,2
135,43,55,-15,19,119,94,2
135,43,55,-15,19,119,94,2
135,43,55,-15,19,119,94,2
135,43,55,-15,19,119,94,2
135,43,55,-15,19,119,94,2
135,43,55,-15,19,119,94,2
135,43,70,-11,56,194,33,1
135,66,67,-5,56,201,4,1
135,33,56,-8,28,285,89,1
135,83,46,-5,47,261,2,1
135,80,56,-8,58,245,0,1
135,94,59,-5,83,224,2,1
135,89,50,-5,70,283,9,1
135,58,69,-11,94,302,29,1
135,90,40,-5,84,193,7,1
135,37,24,-8,30,251,84,1
135,55,44,-8,26,347,49,1
135,92,69,-6,23,511,30,1
135,66,53,-4,22,298,0,1
135,77,47,-7,9,347,6,1
135,23,40,-9,28,222,89,1
135,75,73,-10,64,179,9,1
135,27,55,-15,21,234,42,1
135,31,41,-10,7,653,31,1
135,63,42,-7,81,245,75,1
135,28,30,-13,33,399,80,1
135,89,33,-6,16,287,9,1
134,16,80,-13,6,206,68,2
134,55,67,-8,24,193,64,2
134,40,67,-12,34,132,48,2
134,55,82,-7,10,147,74,2
134,22,76,-14,74,153,87,2
134,89,50,-5,26,293,0,1
134,75,62,-9,66,192,4,1
134,56,56,-10,45,296,16,1
134,36,67,-9,29,242,57,1
134,80,65,-7,78,200,12,1
134,34,40,-11,38,182,20,1
134,52,40,-16,16,367,69,1
134,82,72,-6,87,322,3,1
134,86,50,-6,42,209,1,1
134,23,35,-10,18,221,90,1
134,75,29,-9,35,210,5,1
134,41,46,-8,9,227,50,1
134,66,67,-9,66,506,5,1
134,71,33,-7,19,532,31,1
134,32,28,-17,14,1412,37,1
134,26,54,-12,64,148,85,1
134,53,59,-10,31,287,38,1
134,63,65,-10,87,257,2,1
134,98,32,-4,17,212,4,1
134,51,51,-14,70,152,78,1
134,45,60,-13,78,174,1,1
134,58,30,-6,18,576,37,1
133,16,47,-17,4,191,94,2
133,22,85,-14,54,101,53,2
133,66,64,-8,66,141,20,1
133,36,59,-14,50,217,48,1
133,47,40,-8,39,219,33,1
133,32,42,-13,41,200,62,1
133,49,52,-12,47,201,10,1
133,76,41,-9,39,511,7,1
133,67,67,-10,87,382,20,1
133,72,87,-10,97,229,9,1
133,97,51,-4,53,305,0,1
133,80,52,-6,63,257,0,1
133,20,34,-14,7,287,13,1
133,50,49,-10,83,148,74,1
133,88,49,-5,25,396,0,1
133,80,74,-8,98,239,0,1
133,38,51,-9,26,264,82,1
132,7,68,-19,18,138,86,2
132,4,84,-20,17,145,63,2
132,7,66,-25,27,190,34,2
132,45,64,-17,72,130,86,2
132,2,73,-19,4,138,96,2
132,38,75,-16,40,144,74,2
132,10,94,-12,12,165,82,2
132,18,79,-15,47,107,64,2
132,24,66,-14,16,145,83,2
132,24,66,-14,16,145,83,2
132,24,66,-14,16,145,83,2
132,24,66,-14,16,145,83,2
132,24,66,-14,16,145,83,2
132,24,66,-14,16,145,83,2
132,24,66,-14,16,145,83,2
132,74,50,-7,38,336,2,1
132,55,85,-5,81,219,15,1
132,76,80,-11,96,288,8,1
132,53,58,-7,22,288,68,1
132,58,50,-9,65,175,41,1
132,17,41,-16,35,229,92,1
132,48,69,-12,90,235,38,1
132,88,49,-5,52,282,0,1
132,33,30,-10,39,218,76,1
132,93,64,-6,90,271,14,1
132,39,35,-10,36,153,22,1
132,47,57,-6,26,241,74,1
132,68,52,-5,11,214,8,1
132,87,47,-6,27,244,0,1
132,27,32,-11,15,302,58,1
132,86,61,-9,64,243,3,1
132,29,55,-12,12,395,33,1
132,29,54,-10,19,206,97,1
132,82,70,-7,83,340,44,1
131,26,74,-10,52,72,68,2
131,42,31,-9,24,242,13,1
131,75,58,-7,26,308,60,1
131,72,49,-6,87,146,39,1
131,76,48,-5,45,277,1,1
131,58,67,-10,82,211,22,1
131,86,74,-8,78,271,18,1
131,72,64,-7,80,213,1,1
131,87,70,-6,81,188,8,1
131,31,50,-16,25,291,48,1
131,28,33,-13,28,188,43,1
131,37,53,-13,25,394,8,1
131,42,88,-15,97,308,4,1
131,88,66,-6,84,210,34,1
131,90,61,-7,39,209,18,1
131,82,60,-14,74,205,12,1
131,80,75,-5,37,281,24,1
131,24,75,-13,67,206,79,1
131,67,58,-12,45,235,8,1
131,53,87,-13,96,250,1,1
130,18,68,-16,29,125,75,2
130,3,66,-22,17,154,95,2
130,17,71,-19,43,111,96,2
130,13,64,-22,16,129,93,2
130,34,64,-14,12,180,44,2
130,25,83,-10,60,174,82,2
130,31,78,-9,20,173,85,2
130,16,86,-19,11,133,88,2
130,36,66,-11,14,108,66,2
130,9,67,-18,23,172,79,2
130,12,73,-19,12,148,87,2
130,34,83,-12,8,164,33,2
130,54,63,-12,14,123,9,2
130,38,73,-14,40,149,83,2
130,19,63,-18,15,180,85,2
130,19,77,-14,25,134,75,2
130,31,78,-16,10,118,73,2
130,11,71,-14,11,122,76,2
130,40,79,-13,34,111,89,2
130,20,65,-21,16,91,91,2
130,27,96,-11,14,155,76,2
130,27,96,-11,14,155,76,2
130,27,96,-11,14,155,76,2
130,27,96,-11,14,155,76,2
130,27,96,-11,14,155,76,2
130,37,69,-11,11,186,79,2
130,18,57,-19,31,170,92,2
130,50,55,-6,30,210,30,1
130,60,66,-11,80,152,43,1
130,80,41,-3,47,223,22,1
130,94,37,-5,37,256,0,1
130,66,44,-8,18,270,20,1
130,70,79,-10,86,451,0,1
130,44,72,-9,32,243,58,1
130,83,51,-5,56,224,1,1
130,85,59,-6,81,161,6,1
130,51,57,-9,33,253,55,1
130,73,70,-8,64,243,43,1
130,82,68,-6,32,335,1,1
130,83,55,-5,14,204,4,1
130,46,43,-12,38,293,12,1
130,71,66,-7,86,122,0,1
130,41,61,-9,23,223,54,1
130,42,53,-10,22,197,14,1
130,70,66,-7,51,382,5,1
130,68,64,-12,71,225,1,1
130,93,48,-5,37,232,1,1
130,47,80,-9,59,344,25,1
130,82,55,-7,77,240,7,1
130,62,44,-11,70,517,6,1
130,49,95,-8,59,376,1,1
130,70,68,-9,81,214,0,1
130,62,54,-13,20,208,0,1
130,78,67,-6,70,264,2,1
130,70,48,-8,83,249,40,1
130,48,55,-8,18,270,48,1
129,31,68,-11,38,147,78,2
129,54,56,-10,39,186,3,1
129,66,57,-5,44,242,63,1
129,94,70,-3,79,198,7,1
129,50,86,-7,72,245,59,1
129,57,61,-11,54,350,56,1
129,67,62,-10,78,212,0,1
129,51,69,-10,89,125,63,1
129,93,63,-4,96,229,22,1
129,49,72,-15,80,253,11,1
129,37,43,-10,19,278,37,1
129,82,53,-7,34,231,7,1
129,72,61,-8,80,218,29,1
129,92,74,-5,93,306,11,1
129,25,34,-16,30,190,65,1
129,23,42,-17,20,232,63,1
129,84,65,-6,71,195,50,1
128,29,70,-15,38,143,77,2
128,14,62,-19,20,131,82,2
128,22,77,-11,95,90,68,2
128,37,73,-11,47,115,72,2
128,16,74,-13,8,157,95,2
128,28,74,-16,4,109,90,2
128,24,77,-15,30,156,72,2
128,15,83,-12,41,90,39,2
128,15,83,-12,41,90,39,2
128,15,83,-12,41,90,39,2
128,15,83,-12,41,90,39,2
128,15,83,-12,41,90,39,2
128,15,83,-12,41,90,39,2
128,15,83,-12,41,90,39,2
128,71,73,-6,97,240,14,1
128,87,58,-4,62,199,1,1
128,49,41,-6,37,231,1,1
128,85,77,-6,87,271,21,1
128,32,55,-11,33,242,83,1
128,91,60,-4,41,305,0,1
128,76,78,-8,82,280,18,1
128,77,74,-6,61,289,9,1
128,79,57,-4,30,148,5,1
128,46,72,-8,39,201,8,1
128,87,68,-6,4,304,0,1
128,37,61,-9,35,226,84,1
128,57,58,-9,82,248,38,1
128,69,56,-11,75,345,53,1
128,84,49,-5,56,198,0,1
128,21,38,-12,39,215,94,1
128,78,67,-5,52,215,0,1
128,87,55,-4,19,322,3,1
128,76,69,-6,96,188,46,1
128,58,57,-9,30,287,1,1
128,52,64,-10,36,270,57,1
128,64,51,-12,83,208,17,1
128,93,52,-5,20,233,0,1
128,40,40,-9,22,240,3,1
127,15,58,-20,23,124,94,2
127,31,79,-13,82,134,68,2
127,93,42,-4,29,210,0,1
127,77,53,-6,76,210,0,1
127,90,73,-4,76,236,0,1
127,79,48,-6,79,323,0,1
127,37,47,-13,17,382,15,1
127,79,77,-10,96,266,2,1
127,60,62,-9,96,179,72,1
127,62,39,-8,34,221,21,1
127,82,89,-5,96,239,23,1
127,72,68,-6,57,214,8,1
127,33,79,-13,53,231,60,1
127,86,54,-6,29,299,25,1
127,63,43,-12,74,220,3,1
127,81,56,-6,64,233,1,1
127,92,63,-5,36,290,12,1
127,56,61,-6,24,297,18,1
127,49,73,-14,80,222,30,1
127,41,71,-7,53,211,35,1
127,79,46,-7,52,295,55,1
127,60,62,-9,86,217,1,1
127,54,38,-5,19,276,2,1
127,35,53,-15,73,193,12,1
127,39,74,-17,59,382,38,1
127,79,43,-5,51,218,32,1
127,58,79,-10,26,527,18,1
127,78,71,-7,91,309,12,1
127,66,66,-10,84,225,12,1
127,90,56,-6,80,267,12,1
126,35,72,-14,22,128,29,2
126,21,65,-15,4,145,67,2
126,26,62,-15,16,154,58,2
126,32,77,-14,45,217,84,2
126,45,72,-12,19,154,62,2
126,83,69,-7,98,215,17,1
126,86,67,-5,80,268,18,1
126,69,64,-16,46,275,21,1
126,99,73,-5,84,353,1,1
126,80,63,-8,87,232,20,1
126,49,51,-10,65,180,26,1
126,79,60,-4,30,245,7,1
126,72,49,-10,29,338,1,1
126,34,47,-8,24,165,86,1
126,76,65,-8,61,295,1,1
126,67,51,-5,36,328,29,1
126,75,57,-5,90,180,40,1
126,81,64,-6,72,177,8,1
126,83,60,-7,35,339,3,1
126,73,70,-12,95,255,15,1
126,95,51,-5,63,324,0,1
126,32,65,-11,28,233,66,1
126,31,45,-8,37,250,98,1
126,28,55,-11,30,445,47,1
125,18,47,-13,4,81,43,2
125,78,78,-4,67,204,6,1
125,71,69,-7,88,217,23,1
125,78,55,-5,46,255,3,1
125,64,55,-7,15,268,1,1
125,88,60,-6,58,468,0,1
125,59,46,-9,24,284,0,1
125,85,48,-9,94,155,64,1
125,95,45,-5,62,356,9,1
125,63,39,-7,72,153,72,1
125,73,41,-6,44,430,37,1
125,60,48,-9,67,313,8,1
125,80,74,-6,89,269,18,1
125,91,45,-4,81,226,3,1
125,88,56,-3,51,317,0,1
125,54,68,-10,96,357,22,1
125,41,67,-8,50,238,84,1
125,39,48,-11,52,269,37,1
125,92,64,-6,72,234,0,1
125,47,60,-8,49,211,10,1
125,67,42,-7,34,351,61,1
125,15,59,-17,11,333,85,1
125,53,68,-13,35,266,42,1
125,76,84,-5,60,251,6,1
125,69,63,-10,89,218,12,1
125,68,46,-9,68,304,25,1
125,77,65,-8,40,252,0,1
125,6,41,-22,18,240,67,1
124,19,75,-21,58,137,82,2
124,32,73,-13,6,156,99,2
124,13,71,-19,30,143,96,2
124,56,53,-11,7,130,71,2
124,43,79,-12,35,116,39,2
124,86,79,-3,59,215,4,1
124,78,53,-6,64,247,0,1
124,69,83,-8,85,216,33,1
124,33,76,-10,24,246,73,1
124,46,74,-8,32,232,1,1
124,54,47,-10,78,383,2,1
124,46,93,-9,76,256,14,1
124,56,80,-10,96,204,9,1
124,99,45,-4,32,273,2,1
124,72,54,-9,47,181,2,1
124,39,61,-11,22,255,53,1
124,80,60,-7,62,147,4,1
124,55,50,-7,63,196,68,1
124,65,76,-15,86,332,21,1
124,71,46,-9,41,174,21,1
123,89,53,-4,80,249,8,1
123,96,54,-3,81,223,7,1
123,80,46,-3,51,255,0,1
123,73,49,-3,34,240,12,1
123,51,65,-17,83,252,69,1
123,93,45,-4,17,303,0,1
123,70,61,-9,48,320,2,1
123,82,58,-9,64,332,0,1
123,69,69,-5,49,212,39,1
123,52,72,-8,94,261,7,1
123,16,46,-17,10,333,38,1
123,72,82,-9,69,225,4,1
123,38,44,-15,22,236,64,1
123,65,55,-7,37,212,58,1
123,90,52,-7,36,288,0,1
123,92,45,-5,8,224,0,1
123,66,68,-6,49,257,0,1
123,80,44,-5,52,205,5,1
123,73,48,-8,87,140,57,1
123,59,76,-10,33,189,49,1
123,34,45,-9,21,269,96,1
123,92,51,-3,46,319,1,1
123,54,45,-9,13,244,70,1
123,78,61,-8,85,242,9,1
123,36,30,-9,15,240,81,1
123,68,53,-4,55,298,0,1
123,73,72,-6,62,333,21,1
123,73,54,-6,51,219,1,1
123,13,50,-18,21,401,35,1
122,74,64,-4,36,263,27,1
122,71,70,-5,63,203,0,1
122,56,78,-8,76,232,11,1
122,93,63,-4,97,213,4,1
122,95,40,-6,58,279,0,1
122,97,45,-5,20,217,3,1
122,71,66,-5,48,258,7,1
122,87,55,-4,32,240,0,1
122,87,64,-3,45,185,49,1
122,72,40,-9,48,258,0,1
122,92,85,-4,90,362,2,1
122,65,60,-11,71,201,3,1
122,26,39,-10,18,282,81,1
122,72,36,-10,47,360,2,1
122,51,48,-10,51,242,38,1
122,77,30,-3,9,467,0,1
122,98,71,-7,58,255,3,1
121,9,28,-23,6,158,98,2
121,66,60,-6,29,245,23,1
121,70,54,-9,58,281,10,1
121,66,38,-5,14,299,17,1
121,63,61,-8,90,244,34,1
121,80,96,-5,84,430,0,1
121,38,76,-15,99,224,28,1
121,67,76,-13,91,215,21,1
121,47,56,-8,40,193,45,1
121,19,41,-13,63,246,85,1
121,3,31,-22,14,261,73,1
121,62,88,-9,30,384,0,1
121,73,67,-7,78,218,28,1
121,37,51,-9,20,362,50,1
121,67,60,-7,56,264,62,1
121,39,72,-17,79,187,16,1
121,36,57,-10,9,236,51,1
121,76,61,-9,63,218,14,1
121,95,70,-4,89,192,64,1
120,14,72,-15,7,163,97,2
120,16,77,-17,18,136,85,2
120,21,68,-20,36,181,85,2
120,14,75,-15,25,185,87,2
120,27,82,-13,8,228,75,2
120,23,84,-18,21,136,50,2
120,24,59,-15,5,133,95,2
120,18,61,-18,25,130,95,2
120,26,71,-22,19,192,57,2
120,33,77,-11,56,157,98,2
120,22,63,-15,5,138,93,2
120,15,62,-22,17,147,97,2
120,60,88,-10,79,164,6,2
120,53,75,-4,58,156,88,2
120,27,78,-12,19,123,70,2
120,14,70,-14,36,163,88,2
120,21,69,-16,32,152,85,2
120,29,59,-15,33,137,15,2
120,14,69,-16,8,132,82,2
120,10,68,-23,8,192,43,2
120,8,64,-23,21,165,92,2
120,31,69,-12,28,129,75,2
120,31,69,-12,28,129,75,2
120,31,69,-12,28,129,75,2
120,31,69,-12,28,129,75,2
120,31,69,-12,28,129,75,2
120,31,69,-12,28,129,75,2
120,31,69,-12,28,129,75,2
120,68,60,-12,15,130,75,2
120,26,42,-7,33,270,92,1
120,85,60,-5,15,203,2,1
120,47,77,-6,34,237,29,1
120,60,52,-5,22,341,3,1
120,91,55,-4,54,224,3,1
120,60,85,-5,84,264,0,1
120,80,71,-5,73,238,22,1
120,92,67,-4,78,212,5,1
120,49,60,-7,9,270,50,1
120,90,52,-5,24,322,0,1
120,76,63,-6,70,251,51,1
120,82,50,-6,54,219,0,1
120,57,51,-7,16,280,4,1
120,48,36,-12,36,414,52,1
120,78,56,-7,97,179,36,1
120,43,51,-10,21,309,18,1
120,30,46,-13,33,355,69,1
120,75,62,-5,56,221,64,1
120,49,75,-10,53,293,2,1
120,56,41,-11,16,311,1,1
120,74,71,-11,87,266,27,1
120,47,46,-10,64,149,51,1
120,59,79,-9,73,206,9,1
120,69,79,-4,22,243,8,1
120,34,82,-16,79,254,14,1
120,32,74,-13,29,193,72,1
120,79,54,-6,48,290,0,1
120,57,61,-12,39,385,9,1
120,93,51,-3,48,264,0,1
120,66,79,-11,87,226,1,1
120,39,62,-12,44,249,23,1
120,83,43,-6,35,455,2,1
119,28,58,-13,25,208,90,2
119,65,32,-6,47,272,50,1
119,82,71,-9,87,291,21,1
119,75,50,-9,51,251,13,1
119,92,70,-4,71,295,0,1
119,26,67,-14,37,147,45,1
119,63,63,-8,49,271,45,1
119,82,88,-10,95,365,13,1
119,91,28,-6,26,270,3,1
119,47,70,-9,76,130,69,1
119,81,85,-5,78,237,12,1
119,64,91,-11,90,331,3,1
119,73,87,-8,63,379,14,1
119,24,75,-15,43,216,83,1
119,83,48,-7,82,394,18,1
119,72,67,-8,83,193,4,1
119,70,67,-8,66,314,42,1
119,58,73,-7,96,259,24,1
119,36,39,-11,31,444,0,1
119,4,47,-22,18,311,95,1
119,63,71,-10,63,222,3,1
119,50,75,-9,34,258,1,1
119,60,83,-14,92,246,18,1
119,76,52,-7,58,171,16,1
119,50,46,-12,53,266,6,1
119,88,72,-9,96,243,20,1
119,53,47,-10,77,174,0,1
119,81,62,-8,58,354,47,1
119,25,54,-12,14,250,52,1
118,43,59,-10,10,122,23,2
118,31,65,-9,61,180,57,1
118,98,85,-4,60,258,25,1
118,84,54,-7,19,310,6,1
118,74,73,-8,96,237,18,1
118,72,78,-6,71,246,13,1
118,84,59,-6,43,237,0,1
118,89,76,-4,72,358,8,1
118,44,48,-15,76,235,0,1
118,73,43,-7,31,241,0,1
118,71,73,-9,85,291,63,1
118,53,67,-11,81,303,9,1
118,39,47,-14,55,241,64,1
118,67,75,-13,70,304,2,1
118,63,76,-8,96,255,46,1
118,82,67,-9,78,629,3,1
118,97,57,-4,57,347,0,1
118,62,65,-9,64,211,20,1
118,82,78,-7,91,358,6,1
118,77,53,-5,30,257,0,1
118,17,43,-11,14,296,42,1
118,73,45,-7,38,228,0,1
117,74,64,-4,79,216,1,1
117,45,82,-10,74,254,54,1
117,65,92,-3,85,294,2,1
117,72,49,-8,15,300,31,1
117,91,50,-5,72,302,0,1
117,49,52,-8,48,173,25,1
117,38,49,-11,71,261,4,1
117,79,40,-3,57,216,2,1
117,85,28,-8,44,559,1,1
117,91,57,-7,84,207,9,1
117,35,72,-11,64,197,20,1
117,77,65,-10,95,242,21,1
117,92,64,-6,87,260,18,1
117,58,30,-7,23,271,0,1
117,65,54,-6,61,180,38,1
117,96,57,-5,98,255,5,1
117,29,58,-13,67,162,65,1
117,78,52,-4,90,236,0,1
117,54,59,-11,59,302,18,1
117,71,66,-9,81,266,3,1
117,73,49,-9,83,236,0,1
117,61,53,-10,53,401,1,1
117,39,68,-16,55,315,7,1
117,62,48,-7,15,241,6,1
117,79,61,-6,91,274,16,1
117,34,65,-12,39,280,49,1
117,18,54,-13,13,343,75,1
117,27,39,-14,17,275,17,1
116,16,36,-17,8,228,96,2
116,18,48,-17,11,132,65,2
116,16,83,-16,38,100,83,2
116,91,57,-5,42,208,6,1
116,74,67,-5,75,201,29,1
116,81,79,-9,86,248,4,1
116,50,58,-7,11,206,20,1
116,33,53,-10,11,526,69,1
116,47,74,-13,89,160,9,1
116,26,67,-11,69,234,61,1
116,87,64,-6,81,243,14,1
116,92,61,-4,96,295,16,1
116,88,74,-6,33,317,0,1
116,87,55,-5,61,303,0,1
116,22,28,-14,18,284,77,1
116,59,68,-7,64,235,1,1
116,83,52,-4,48,331,0,1
116,39,65,-12,60,177,2,1
116,62,80,-13,64,199,2,1
116,81,73,-7,25,232,3,1
116,19,56,-13,12,321,73,1
116,39,69,-11,38,213,49,1
116,62,49,-7,8,269,2,1
116,31,32,-9,18,391,48,1
116,28,44,-18,20,238,46,1
116,67,65,-11,59,254,5,1
115,34,59,-15,29,204,15,2
115,52,63,-11,12,117,83,2
115,64,60,-7,35,223,16,1
115,61,86,-7,93,270,1,1
115,49,73,-11,73,227,26,1
115,48,68,-13,78,250,48,1
115,75,48,-9,42,261,43,1
115,56,81,-5,97,148,16,1
115,74,65,-7,63,458,1,1
115,65,45,-9,70,285,2,1
115,61,37,-7,19,251,1,1
115,31,55,-12,41,218,51,1
115,85,73,-7,74,261,13,1
115,97,60,-6,72,212,0,1
115,55,54,-7,48,237,53,1
115,89,74,-4,96,203,8,1
115,77,68,-6,71,200,11,1
115,70,68,-13,69,237,33,1
115,57,59,-10,47,434,36,1
115,52,65,-14,45,389,0,1
115,78,62,-9,63,252,7,1
115,31,69,-17,56,266,80,1
115,88,66,-4,88,292,18,1
115,39,62,-12,44,196,68,1
115,91,63,-7,81,287,4,1
115,69,57,-11,57,377,60,1
115,71,63,-7,24,210,1,1
115,68,43,-7,51,229,5,1
115,70,73,-8,41,252,0,1
115,73,71,-6,93,242,28,1
115,61,67,-11,67,181,41,1
114,13,59,-18,20,152,52,2
114,79,60,-6,24,217,1,1
114,59,49,-6,19,270,3,1
114,54,81,-13,85,221,18,1
114,71,67,-8,47,248,42,1
114,85,88,-5,54,298,5,1
114,35,50,-14,42,366,9,1
114,89,79,-4,39,247,0,1
114,34,44,-11,8,266,4,1
114,59,63,-11,89,342,10,1
114,71,57,-9,67,333,35,1
114,39,57,-11,57,258,80,1
114,60,88,-11,96,201,28,1
114,89,59,-6,70,312,1,1
114,30,70,-17,23,332,4,1
114,32,50,-13,30,249,10,1
114,46,69,-12,70,312,25,1
114,83,42,-5,61,501,1,1
113,24,94,-16,5,198,8,2
113,12,65,-14,27,106,95,2
113,83,74,-6,82,189,8,1
113,93,56,-10,62,146,1,1
113,81,44,-6,56,241,0,1
113,83,67,-6,70,238,1,1
113,45,37,-10,19,521,4,1
113,31,65,-12,41,303,53,1
113,55,67,-8,29,287,74,1
113,95,65,-7,61,286,1,1
113,63,45,-12,36,233,8,1
113,94,73,-12,92,213,14,1
113,81,64,-8,82,257,16,1
113,95,22,-4,17,176,0,1
113,93,26,-7,28,417,0,1
113,84,71,-8,86,246,16,1
113,25,68,-17,81,310,70,1
113,21,38,-16,21,239,75,1
113,37,47,-5,22,160,25,1
113,28,33,-11,37,165,72,1
112,26,44,-19,29,89,85,2
112,13,73,-16,5,206,89,2
112,26,77,-18,17,219,68,2
112,11,78,-15,58,189,74,2
112,67,91,-3,66,290,0,1
112,80,65,-12,54,251,35,1
112,61,55,-10,64,162,35,1
112,76,49,-6,44,371,0,1
112,44,55,-14,63,187,53,1
112,92,64,-4,53,264,0,1
112,69,50,-7,36,296,19,1
112,30,59,-15,19,278,22,1
112,42,82,-13,52,276,56,1
112,81,65,-5,82,173,0,1
112,31,62,-10,13,241,95,1
112,50,74,-8,66,348,18,1
112,75,42,-11,23,170,1,1
112,59,30,-10,40,364,57,1
112,32,38,-12,12,295,73,1
112,65,81,-7,81,229,35,1
112,68,60,-11,71,258,21,1
112,77,65,-6,38,214,23,1
112,67,50,-6,48,179,5,1
112,65,58,-8,13,286,1,1
112,8,53,-16,31,135,92,1
111,34,81,-17,18,132,63,2
111,54,67,-11,81,162,57,1
111,27,90,-12,74,226,1,1
111,75,67,-9,69,261,8,1
111,66,87,-7,32,269,4,1
111,84,62,-5,26,343,26,1
111,32,65,-9,28,167,21,1
111,69,58,-12,53,298,61,1
111,24,60,-17,47,217,89,1
111,74,60,-11,62,321,44,1
111,68,79,-10,88,349,78,1
111,40,63,-13,73,173,54,1
111,64,62,-7,65,159,21,1
111,53,69,-10,78,156,19,1
111,53,35,-9,47,256,58,1
111,85,64,-8,84,241,22,1
111,86,56,-8,94,418,0,1
111,57,70,-8,71,236,1,1
110,19,71,-16,4,195,80,2
110,5,59,-22,23,124,62,2
110,23,59,-17,26,118,80,2
110,11,46,-20,9,146,83,2
110,17,74,-19,4,153,89,2
110,18,60,-16,40,109,83,2
110,20,58,-22,12,97,4,2
110,11,72,-24,16,182,66,2
110,33,76,-11,8,139,51,2
110,31,74,-17,58,89,72,2
110,21,77,-15,24,175,59,2
110,33,71,-20,19,108,63,2
110,44,63,-12,26,87,86,2
110,44,63,-12,26,87,86,2
110,44,63,-12,26,87,86,2
110,44,63,-12,26,87,86,2
110,44,63,-12,26,87,86,2
110,44,63,-12,26,87,86,2
110,44,63,-12,26,87,86,2
110,64,59,-10,26,101,0,2
110,41,50,-6,45,182,75,1
110,86,50,-4,24,186,0,1
110,43,54,-12,11,296,0,1
110,86,77,-6,89,173,10,1
110,56,71,-7,23,223,15,1
110,85,78,-4,62,250,5,1
110,53,93,-6,76,215,11,1
110,58,55,-13,46,298,19,1
110,61,66,-10,77,292,6,1
110,89,64,-7,97,199,9,1
110,71,80,-5,85,289,44,1
110,78,65,-5,57,137,14,1
110,46,49,-9,71,208,74,1
110,64,52,-6,66,180,57,1
110,96,43,-4,56,186,0,1
110,47,66,-16,66,238,2,1
110,86,33,-7,38,319,5,1
110,33,63,-9,47,193,74,1
110,31,67,-14,27,353,41,1
110,71,66,-8,63,259,4,1
110,87,31,-6,23,438,0,1
110,76,50,-6,33,287,7,1
110,64,70,-9,65,211,22,1
110,31,40,-10,28,260,34,1
109,84,64,-5,43,221,2,1
109,68,38,-8,29,285,0,1
109,60,82,-9,55,246,13,1
109,85,28,-6,29,318,4,1
109,91,53,-5,49,171,1,1
109,78,70,-8,39,289,9,1
109,59,41,-5,56,204,55,1
109,59,57,-8,36,306,67,1
109,90,43,-5,77,190,41,1
109,58,74,-12,78,260,12,1
109,33,67,-17,49,284,61,1
109,41,81,-9,50,223,11,1
109,78,45,-9,51,252,44,1
109,65,65,-10,72,221,4,1
109,33,56,-16,33,195,47,1
109,88,62,-7,83,242,0,1
109,51,74,-16,90,210,2,1
109,42,35,-8,27,199,30,1
109,50,27,-9,13,266,28,1
109,5,44,-16,31,162,88,1
108,58,74,-9,94,265,19,1
108,38,61,-10,20,259,61,1
108,68,61,-4,47,242,0,1
108,54,86,-9,87,166,58,1
108,57,66,-10,50,240,24,1
108,35,47,-11,28,216,72,1
108,40,49,-8,15,598,49,1
108,55,63,-13,20,299,72,1
108,69,51,-7,42,194,16,1
108,84,72,-5,68,238,26,1
108,87,74,-3,59,225,3,1
108,70,68,-10,93,243,32,1
108,75,62,-6,83,226,41,1
108,44,50,-10,71,169,67,1
108,74,59,-8,29,379,51,1
108,53,91,-9,90,241,50,1
108,72,58,-4,32,236,3,1
108,39,80,-15,74,349,5,1
107,80,82,-4,63,226,3,1
107,79,69,-4,75,206,6,1
107,22,53,-14,33,185,84,1
107,71,85,-6,82,215,1,1
107,79,75,-5,89,221,5,1
107,57,59,-10,95,233,16,1
107,29,55,-13,32,151,49,1
107,66,45,-7,78,287,66,1
107,43,65,-10,65,305,38,1
107,69,69,-8,93,244,17,1
107,69,30,-7,37,315,1,1
107,74,55,-7,90,244,4,1
106,18,64,-20,13,165,70,2
106,68,66,-8,65,258,16,1
106,60,65,-13,91,227,22,1
106,68,63,-6,70,197,16,1
106,58,76,-13,94,310,1,1
106,54,76,-10,96,193,79,1
106,72,82,-10,89,252,8,1
106,52,72,-12,82,288,71,1
106,68,38,-9,65,136,6,1
106,84,70,-5,89,219,0,1
106,27,72,-8,18,227,73,1
106,80,67,-9,76,184,3,1
106,30,35,-12,3,703,16,1
106,82,58,-5,87,256,1,1
106,84,46,-7,71,228,0,1
106,85,54,-6,60,299,7,1
106,67,57,-10,25,305,2,1
106,66,65,-10,45,356,45,1
106,67,56,-7,60,243,2,1
106,73,79,-5,94,200,0,1
105,52,77,-4,39,217,18,1
105,86,56,-6,40,217,1,1
105,66,95,-4,76,284,3,1
105,90,43,-4,60,335,12,1
105,81,55,-5,15,286,2,1
105,36,63,-9,67,245,11,1
105,78,55,-6,81,162,42,1
105,83,35,-5,15,319,0,1
105,32,57,-17,39,254,68,1
105,94,39,-7,27,293,0,1
105,68,28,-9,49,237,0,1
105,91,46,-4,61,258,2,1
105,50,70,-13,68,222,6,1
105,66,75,-6,86,152,19,1
105,38,84,-13,89,268,54,1
105,83,54,-9,56,515,0,1
105,88,66,-5,86,238,2,1
105,47,72,-7,45,206,53,1
105,55,52,-11,52,196,83,1
105,76,73,-5,54,228,13,1
105,73,68,-8,94,281,11,1
105,44,29,-7,45,246,91,1
105,55,75,-7,45,233,46,1
105,67,42,-6,30,316,62,1
105,79,58,-7,91,226,1,1
105,86,64,-7,47,250,23,1
104,30,81,-14,20,154,82,2
104,29,66,-11,30,233,87,1
104,87,73,-6,78,200,4,1
104,59,56,-5,14,268,21,1
104,39,69,-16,72,239,8,1
104,29,71,-16,19,297,31,1
104,72,55,-12,72,435,25,1
104,56,43,-7,28,235,2,1
104,63,67,-7,55,248,0,1
104,37,77,-11,54,164,68,1
104,61,28,-5,8,403,0,1
104,59,66,-8,78,158,62,1
104,88,80,-7,82,281,19,1
104,46,31,-9,32,213,42,1
104,34,65,-12,32,222,37,1
104,97,39,-6,69,314,3,1
104,79,59,-4,96,188,0,1
104,74,66,-10,75,330,11,1
104,54,71,-20,64,93,11,1
104,41,79,-15,39,169,41,1
104,51,38,-15,40,355,1,1
104,86,54,-6,75,177,11,1
104,6,49,-24,6,409,83,1
103,17,90,-18,48,121,19,2
103,64,62,-7,45,247,5,1
103,72,92,-9,76,237,36,1
103,76,45,-5,42,267,2,1
103,81,71,-4,73,257,1,1
103,44,69,-11,44,146,45,1
103,88,76,-9,95,175,36,1
103,90,35,-6,53,256,0,1
103,86,70,-4,89,298,2,1
103,48,40,-8,65,230,35,1
103,69,44,-9,43,446,0,1
103,75,35,-7,32,443,0,1
103,91,57,-4,56,289,8,1
103,13,59,-15,7,202,19,1
103,86,63,-7,73,357,21,1
103,63,48,-7,16,671,39,1
103,69,52,-11,93,229,10,1
103,95,54,-4,78,174,0,1
102,4,60,-21,11,146,91,2
102,14,39,-17,18,163,27,2
102,71,71,-6,54,257,6,1
102,56,78,-7,37,322,74,1
102,35,67,-18,65,267,40,1
102,37,82,-13,29,217,17,1
102,73,48,-5,43,215,3,1
102,65,56,-13,60,269,23,1
102,63,68,-9,48,261,36,1
102,72,50,-9,18,387,1,1
102,44,48,-14,42,148,1,1
102,58,52,-10,34,211,3,1
102,39,48,-11,25,340,23,1
102,33,34,-14,35,305,65,1
101,32,65,-16,14,62,71,2
101,77,56,-9,66,277,1,1
101,88,78,-4,89,265,39,1
101,88,54,-7,75,231,38,1
101,94,54,-7,74,279,40,1
101,83,31,-8,59,207,0,1
101,24,42,-11,30,229,82,1
101,84,60,-13,64,324,4,1
100,16,46,-23,6,146,95,2
100,15,63,-17,14,164,90,2
100,6,72,-17,47,178,94,2
100,7,74,-19,34,175,93,2
100,18,63,-17,12,156,92,2
100,13,82,-15,14,156,70,2
100,12,59,-22,6,195,96,2
100,18,49,-16,27,123,80,2
100,45,66,-12,23,99,69,2
100,61,70,-6,22,189,22,1
100,38,61,-10,52,234,84,1
100,88,62,-3,78,171,7,1
100,29,40,-14,34,182,94,1
100,63,63,-12,87,245,4,1
100,80,71,-6,63,259,1,1
100,45,49,-10,55,254,17,1
100,98,27,-6,40,406,2,1
100,75,56,-13,64,283,61,1
100,83,71,-5,97,243,39,1
100,93,64,-6,76,190,9,1
100,85,58,-5,58,197,11,1
100,63,61,-5,33,241,43,1
100,80,79,-6,27,319,43,1
100,66,67,-8,70,244,0,1
100,78,60,-6,42,256,1,1
100,71,55,-8,30,218,6,1
100,73,39,-8,62,272,0,1
100,68,51,-8,79,185,36,1
100,19,48,-15,6,141,99,1
100,65,53,-9,42,179,29,1
100,57,74,-8,57,209,51,1
100,76,51,-7,35,220,1,1
99,70,69,-6,48,214,22,1
99,87,55,-6,54,234,1,1
99,77,65,-7,68,236,0,1
99,28,43,-12,4,280,73,1
99,26,71,-15,56,177,88,1
99,21,34,-17,29,218,40,1
99,51,60,-11,60,274,20,1
99,67,69,-6,71,255,20,1
99,50,29,-14,44,344,13,1
99,65,59,-9,39,245,22,1
99,29,27,-10,15,244,86,1
99,57,56,-12,58,251,36,1
98,9,62,-21,47,92,99,2
98,59,82,-6,51,209,69,1
98,61,60,-12,89,284,18,1
98,94,62,-5,76,176,3,1
98,91,53,-4,81,178,2,1
98,73,60,-7,29,264,1,1
98,65,69,-8,71,255,29,1
98,94,51,-10,50,394,17,1
98,50,39,-12,29,247,34,1
98,41,85,-12,79,227,22,1
98,56,70,-7,51,183,25,1
98,41,75,-15,24,286,7,1
98,73,67,-7,15,210,4,1
98,54,64,-13,94,181,49,1
98,72,68,-9,57,225,20,1
98,93,42,-5,34,457,41,1
98,68,62,-6,41,190,35,1
98,55,37,-8,11,598,21,1
98,42,52,-13,31,330,58,1
98,58,52,-13,49,366,2,1
98,41,58,-16,53,310,13,1
97,41,66,-13,4,178,93,2
97,18,33,-12,32,126,88,1
97,14,32,-10,8,414,93,1
97,55,74,-9,35,328,51,1
97,78,41,-9,71,199,31,1
97,38,40,-10,28,270,51,1
97,70,62,-10,73,234,1,1
97,55,62,-8,31,270,19,1
97,15,52,-20,21,174,13,1
97,74,57,-6,66,258,6,1
97,69,67,-6,28,186,5,1
96,21,61,-18,6,122,93,2
96,39,57,-6,32,216,37,1
96,65,83,-3,93,234,58,1
96,77,59,-3,33,330,0,1
96,91,56,-2,73,282,2,1
96,70,49,-12,78,236,4,1
96,21,57,-16,49,225,65,1
96,35,51,-9,51,172,67,1
96,90,47,-6,42,215,15,1
96,62,41,-6,23,250,9,1
96,67,45,-9,58,123,9,1
96,31,69,-19,52,144,17,1
96,66,64,-6,33,264,1,1
96,64,59,-10,49,256,9,1
96,60,53,-6,35,305,0,1
96,68,64,-8,47,312,4,1
96,89,63,-6,81,176,5,1
96,32,61,-15,29,209,63,1
96,63,66,-10,84,215,21,1
96,38,54,-7,39,204,52,1
95,29,58,-17,28,90,97,2
95,11,63,-20,12,130,81,2
95,27,59,-12,12,114,86,2
95,27,59,-12,12,114,86,2
95,27,59,-12,12,114,86,2
95,27,59,-12,12,114,86,2
95,27,59,-12,12,114,86,2
95,27,59,-12,12,114,86,2
95,27,59,-12,12,114,86,2
95,16,72,-8,18,121,49,2
95,34,81,-17,22,81,96,2
95,34,81,-17,22,81,96,2
95,34,81,-17,22,81,96,2
95,34,81,-17,22,81,96,2
95,34,81,-17,22,81,96,2
95,34,81,-17,22,81,96,2
95,34,81,-17,22,81,96,2
95,45,60,-6,17,263,16,1
95,55,78,-7,44,243,35,1
95,94,33,-3,30,236,1,1
95,43,44,-15,20,275,8,1
95,43,48,-8,65,153,18,1
95,56,57,-7,50,232,10,1
95,73,53,-8,76,140,19,1
95,72,48,-7,56,370,73,1
95,91,92,-2,31,162,3,1
95,84,60,-7,47,240,2,1
95,47,37,-8,49,251,16,1
95,40,54,-11,23,341,70,1
95,41,54,-13,82,185,16,1
95,66,56,-8,96,119,65,1
95,56,79,-10,67,261,45,1
95,26,47,-11,27,232,82,1
95,20,54,-19,23,257,86,1
95,64,30,-8,33,241,0,1
94,20,65,-16,21,150,26,2
94,17,79,-15,51,90,94,2
94,7,38,-15,6,102,19,2
94,7,38,-15,6,102,19,2
94,7,38,-15,6,102,19,2
94,7,38,-15,6,102,19,2
94,7,38,-15,6,102,19,2
94,7,38,-15,6,102,19,2
94,7,38,-15,6,102,19,2
94,32,48,-11,39,206,37,1
94,75,65,-5,65,267,8,1
94,70,63,-5,53,261,17,1
94,32,47,-10,17,320,62,1
94,13,69,-14,37,138,75,1
94,35,64,-9,20,204,49,1
94,60,81,-10,75,239,12,1
94,52,56,-12,64,289,32,1
94,29,74,-13,44,195,29,1
94,61,64,-13,89,224,25,1
94,45,36,-10,14,271,6,1
94,38,56,-15,60,207,14,1
94,70,83,-3,80,273,11,1
94,9,48,-18,22,256,89,1
94,21,70,-12,72,128,84,1
94,48,31,-9,19,331,14,1
94,77,37,-6,42,248,18,1
94,84,52,-4,46,215,0,1
94,45,49,-12,46,298,15,1
94,56,72,-11,59,250,19,1
93,37,67,-18,73,296,26,1
93,37,48,-8,14,216,74,1
93,48,74,-9,36,285,3,1
93,49,44,-14,63,309,70,1
93,46,45,-11,66,271,30,1
93,46,81,-13,74,191,78,1
93,51,62,-10,69,246,54,1
93,38,49,-12,53,150,83,1
93,93,44,-3,40,203,1,1
93,74,67,-8,77,282,14,1
93,41,67,-12,36,215,65,1
93,57,58,-8,37,235,25,1
93,26,33,-15,42,283,0,1
93,72,53,-10,76,241,13,1
92,14,67,-15,13,104,92,2
92,32,66,-14,11,128,76,2
92,20,71,-11,31,146,16,2
92,20,71,-11,31,146,16,2
92,20,71,-11,31,146,16,2
92,20,71,-11,31,146,16,2
92,20,71,-11,31,146,16,2
92,20,71,-11,31,146,16,2
92,20,71,-11,31,146,16,2
92,43,52,-10,10,239,1,1
92,46,61,-14,81,244,71,1
92,74,70,-7,20,302,7,1
92,29,77,-17,51,299,3,1
92,94,67,-10,78,283,0,1
92,73,67,-7,89,253,23,1
92,95,66,-5,52,229,13,1
92,85,68,-11,93,391,23,1
92,9,42,-19,46,243,91,1
92,28,70,-15,45,269,68,1
92,71,56,-5,39,225,0,1
92,38,59,-12,45,279,27,1
92,13,63,-15,24,334,47,1
92,36,41,-13,27,285,83,1
92,81,70,-5,58,290,36,1
92,80,53,-8,94,269,0,1
92,42,81,-15,84,157,75,1
92,69,76,-5,73,297,3,1
92,84,41,-6,39,242,3,1
92,57,62,-8,34,243,10,1
91,45,65,-11,25,146,78,2
91,32,76,-7,57,189,84,1
91,94,62,-3,88,269,2,1
91,82,53,-5,47,248,7,1
91,37,75,-10,47,287,27,1
91,47,53,-9,12,294,28,1
91,42,44,-9,45,287,9,1
91,73,49,-6,43,366,0,1
91,38,25,-14,51,213,14,1
91,46,55,-9,54,325,34,1
91,61,74,-11,89,221,9,1
91,63,67,-12,86,245,1,1
91,59,56,-10,48,284,28,1
90,27,60,-20,27,193,90,2
90,5,78,-19,17,153,74,2
90,37,67,-16,28,107,86,2
90,20,71,-17,35,197,62,2
90,28,73,-11,9,262,91,2
90,22,70,-17,18,151,83,2
90,27,56,-16,12,141,87,2
90,25,76,-19,7,150,93,2
90,47,79,-8,24,160,71,2
90,25,55,-19,19,107,63,2
90,17,85,-15,34,96,83,2
90,28,82,-13,8,107,80,2
90,17,65,-16,5,197,71,2
90,26,36,-8,10,131,76,2
90,42,67,-8,12,142,94,2
90,37,65,-15,69,107,43,2
90,29,71,-9,54,120,94,2
90,25,80,-10,70,173,15,2
90,31,91,-11,52,141,73,2
90,16,79,-13,35,85,83,2
90,53,82,-7,33,109,83,2
90,23,79,-9,46,87,94,2
90,20,64,-21,16,158,93,2
90,20,69,-19,19,150,71,2
90,37,87,-12,15,129,82,2
90,41,81,-12,33,85,36,2
90,26,65,-16,14,132,88,2
90,23,74,-13,45,149,24,2
90,36,70,-11,16,107,50,2
90,26,48,-16,14,107,46,2
90,28,75,-20,59,88,17,2
90,66,84,-7,79,129,27,2
90,33,76,-12,5,149,76,2
90,33,76,-12,5,149,76,2
90,33,76,-12,5,149,76,2
90,33,76,-12,5,149,76,2
90,33,76,-12,5,149,76,2
90,33,76,-12,5,149,76,2
90,33,76,-12,5,149,76,2
90,32,52,-13,11,113,16,2
90,35,65,-11,19,107,15,2
90,20,82,-12,49,107,42,2
90,17,45,-19,21,107,61,2
90,35,65,-11,19,107,15,2
90,32,52,-13,11,113,16,2
90,20,82,-12,49,107,42,2
90,17,45,-19,21,107,61,2
90,35,65,-11,19,107,15,2
90,32,52,-13,11,113,16,2
90,20,82,-12,49,107,42,2
90,17,45,-19,21,107,61,2
90,35,65,-11,19,107,15,2
90,32,52,-13,11,113,16,2
90,20,82,-12,49,107,42,2
90,17,45,-19,21,107,61,2
90,35,65,-11,19,107,15,2
90,32,52,-13,11,113,16,2
90,20,82,-12,49,107,42,2
90,17,45,-19,21,107,61,2
90,32,52,-13,11,113,16,2
90,20,82,-12,49,107,42,2
90,17,45,-19,21,107,61,2
90,32,52,-13,11,113,16,2
90,20,82,-12,49,107,42,2
90,17,45,-19,21,107,61,2
90,30,61,-13,46,107,72,2
90,34,73,-10,25,107,40,2
90,30,61,-13,46,107,72,2
90,34,73,-10,25,107,40,2
90,30,61,-13,46,107,72,2
90,34,73,-10,25,107,40,2
90,30,61,-13,46,107,72,2
90,34,73,-10,25,107,40,2
90,30,61,-13,46,107,72,2
90,34,73,-10,25,107,40,2
90,30,61,-13,46,107,72,2
90,34,73,-10,25,107,40,2
90,30,61,-13,46,107,72,2
90,34,73,-10,25,107,40,2
90,29,75,-11,13,107,70,2
90,42,81,-14,12,109,26,2
90,23,75,-14,17,149,61,2
90,25,74,-15,19,132,78,2
90,29,75,-11,13,107,70,2
90,42,81,-14,12,109,26,2
90,23,75,-14,17,149,61,2
90,25,74,-15,19,132,78,2
90,29,75,-11,13,107,70,2
90,42,81,-14,12,109,26,2
90,23,75,-14,17,149,61,2
90,25,74,-15,19,132,78,2
90,29,75,-11,13,107,70,2
90,42,81,-14,12,109,26,2
90,23,75,-14,17,149,61,2
90,25,74,-15,19,132,78,2
90,29,75,-11,13,107,70,2
90,42,81,-14,12,109,26,2
90,23,75,-14,17,149,61,2
90,25,74,-15,19,132,78,2
90,29,75,-11,13,107,70,2
90,42,81,-14,12,109,26,2
90,23,75,-14,17,149,61,2
90,25,74,-15,19,132,78,2
90,29,75,-11,13,107,70,2
90,42,81,-14,12,109,26,2
90,23,75,-14,17,149,61,2
90,25,74,-15,19,132,78,2
90,14,51,-18,57,75,82,2
90,31,60,-10,12,85,52,2
90,14,51,-18,57,75,82,2
90,31,60,-10,12,85,52,2
90,14,51,-18,57,75,82,2
90,31,60,-10,12,85,52,2
90,14,51,-18,57,75,82,2
90,31,60,-10,12,85,52,2
90,14,51,-18,57,75,82,2
90,31,60,-10,12,85,52,2
90,14,51,-18,57,75,82,2
90,31,60,-10,12,85,52,2
90,14,51,-18,57,75,82,2
90,31,60,-10,12,85,52,2
90,26,59,-12,15,129,24,2
90,29,62,-13,45,64,71,2
90,29,62,-13,45,64,71,2
90,26,59,-12,15,129,24,2
90,29,62,-13,45,64,71,2
90,26,59,-12,15,129,24,2
90,29,62,-13,45,64,71,2
90,26,59,-12,15,129,24,2
90,29,62,-13,45,64,71,2
90,26,59,-12,15,129,24,2
90,29,62,-13,45,64,71,2
90,26,59,-12,15,129,24,2
90,29,62,-13,45,64,71,2
90,26,59,-12,15,129,24,2
90,21,66,-16,9,107,73,2
90,21,66,-16,9,107,73,2
90,21,66,-16,9,107,73,2
90,21,66,-16,9,107,73,2
90,21,66,-16,9,107,73,2
90,21,66,-16,9,107,73,2
90,21,66,-16,9,107,73,2
90,38,85,-9,13,91,1,2
90,38,85,-9,13,91,1,2
90,38,85,-9,13,91,1,2
90,38,85,-9,13,91,1,2
90,38,85,-9,13,91,1,2
90,38,85,-9,13,91,1,2
90,38,85,-9,13,91,1,2
90,16,63,-11,19,181,69,2
90,44,64,-8,18,141,7,2
90,34,56,-11,65,131,46,2
90,27,80,-11,62,86,74,2
90,26,57,-13,37,174,83,2
90,39,52,-7,24,208,54,1
90,40,73,-9,55,196,8,1
90,74,49,-5,36,259,26,1
90,24,59,-11,26,221,91,1
90,90,41,-12,42,334,5,1
90,39,53,-8,16,217,65,1
90,71,51,-3,43,175,19,1
90,75,42,-10,79,146,20,1
90,26,43,-13,27,259,95,1
90,91,86,-6,73,284,21,1
90,52,63,-6,43,249,11,1
90,38,42,-13,52,182,73,1
90,82,29,-7,24,275,1,1
90,43,39,-9,43,326,24,1
90,47,37,-15,5,335,54,1
90,82,40,-7,10,231,0,1
90,100,28,-4,10,291,0,1
90,40,62,-10,35,254,9,1
90,21,12,-11,5,223,84,1
90,90,47,-7,21,325,11,1
90,26,25,-11,20,159,96,1
90,55,50,-13,45,244,45,1
90,25,52,-10,14,222,22,1
89,25,52,-16,6,141,61,2
89,23,83,-12,45,141,48,2
89,26,82,-12,15,132,94,2
89,32,81,-12,53,81,64,2
89,83,47,-4,66,314,3,1
89,72,60,-5,55,216,8,1
89,65,87,-5,67,305,30,1
89,47,86,-9,84,184,0,1
89,45,62,-14,87,156,59,1
89,76,36,-8,17,564,1,1
89,85,63,-6,43,325,0,1
89,27,40,-17,49,167,72,1
89,25,53,-15,24,276,71,1
89,65,62,-9,63,330,6,1
89,64,57,-9,61,271,24,1
89,26,52,-17,49,170,82,1
89,34,71,-7,49,241,79,1
88,17,63,-17,26,153,89,2
88,57,54,-11,66,158,82,2
88,17,65,-9,47,196,46,2
88,51,64,-11,46,110,44,2
88,36,79,-12,24,87,79,2
88,45,68,-8,27,126,14,2
88,28,79,-12,29,87,25,2
88,20,73,-12,62,186,88,1
88,38,42,-12,35,257,7,1
88,63,53,-13,75,228,6,1
88,87,25,-4,13,268,5,1
88,69,43,-8,52,203,6,1
87,10,73,-23,42,132,87,2
87,23,84,-9,76,136,70,2
87,32,64,-9,18,136,23,2
87,16,59,-20,14,77,66,2
87,16,59,-20,14,77,66,2
87,16,59,-20,14,77,66,2
87,16,59,-20,14,77,66,2
87,16,59,-20,14,77,66,2
87,16,59,-20,14,77,66,2
87,16,59,-20,14,77,66,2
87,30,60,-8,34,133,49,2
87,30,60,-8,34,133,49,2
87,30,60,-8,34,133,49,2
87,30,60,-8,34,133,49,2
87,30,60,-8,34,133,49,2
87,30,60,-8,34,133,49,2
87,30,60,-8,34,133,49,2
87,35,27,-9,33,180,55,1
87,65,66,-4,37,203,12,1
87,66,63,-9,75,343,12,1
87,35,39,-7,44,142,86,1
87,55,27,-10,43,386,4,1
87,33,52,-14,12,267,58,1
87,11,70,-15,52,108,94,1
87,57,60,-8,49,361,44,1
87,78,36,-8,58,236,1,1
87,65,61,-8,79,259,23,1
87,40,14,-9,4,295,58,1
86,64,73,-8,30,142,9,2
86,30,73,-13,7,152,75,2
86,31,70,-11,47,157,28,2
86,52,65,-11,5,119,51,2
86,12,66,-19,26,169,68,2
86,37,82,-14,53,137,31,2
86,46,51,-7,24,145,83,2
86,12,74,-14,25,128,92,2
86,41,52,-14,26,92,19,2
86,41,52,-14,26,92,19,2
86,41,52,-14,26,92,19,2
86,41,52,-14,26,92,19,2
86,41,52,-14,26,92,19,2
86,41,52,-14,26,92,19,2
86,41,52,-14,26,92,19,2
86,30,51,-18,13,112,84,2
86,30,51,-18,13,112,84,2
86,30,51,-18,13,112,84,2
86,30,51,-18,13,112,84,2
86,30,51,-18,13,112,84,2
86,30,51,-18,13,112,84,2
86,30,51,-18,13,112,84,2
86,50,69,-11,24,72,82,2
86,50,69,-11,24,72,82,2
86,50,69,-11,24,72,82,2
86,50,69,-11,24,72,82,2
86,50,69,-11,24,72,82,2
86,50,69,-11,24,72,82,2
86,50,69,-11,24,72,82,2
86,58,54,-5,34,328,11,1
86,28,32,-9,18,248,47,1
86,41,21,-10,16,306,17,1
86,52,61,-10,80,206,37,1
86,42,30,-9,33,262,22,1
86,68,87,-6,82,268,4,1
86,22,43,-9,40,230,95,1
86,51,71,-9,52,270,58,1
86,62,32,-10,47,449,64,1
86,22,54,-18,31,189,74,1
85,28,61,-12,24,66,97,2
85,7,72,-20,15,138,85,2
85,9,52,-22,19,115,98,2
85,4,78,-19,27,174,29,2
85,55,82,-14,28,188,42,2
85,4,68,-13,65,119,96,2
85,15,64,-15,27,104,26,2
85,21,67,-12,59,107,84,2
85,40,59,-13,21,127,92,2
85,22,61,-15,44,92,49,2
85,83,71,-9,76,161,57,2
85,9,67,-23,35,146,62,2
85,15,68,-12,59,181,68,2
85,37,44,-15,19,130,92,2
85,26,83,-19,34,80,64,2
85,59,74,-9,55,116,95,2
85,56,86,-6,25,93,17,2
85,26,75,-11,13,138,85,2
85,21,62,-17,10,85,90,2
85,27,73,-13,32,90,91,2
85,49,70,-15,90,128,78,2
85,31,57,-11,6,130,54,2
85,43,67,-14,68,119,94,2
85,31,66,-15,13,136,51,2
85,50,69,-8,50,113,3,2
85,26,63,-12,25,89,44,2
85,28,74,-16,71,211,92,2
85,29,74,-15,10,93,44,2
85,9,76,-16,18,171,65,2
85,56,87,-10,20,68,57,2
85,56,87,-10,20,68,57,2
85,56,87,-10,20,68,57,2
85,27,80,-12,31,136,53,2
85,56,87,-10,20,68,57,2
85,56,87,-10,20,68,57,2
85,56,87,-10,20,68,57,2
85,56,87,-10,20,68,57,2
85,21,67,-10,28,113,24,2
85,21,67,-10,28,113,24,2
85,21,67,-10,28,113,24,2
85,21,67,-10,28,113,24,2
85,21,67,-10,28,113,24,2
85,21,67,-10,28,113,24,2
85,21,67,-10,28,113,24,2
85,28,72,-12,25,97,44,2
85,19,75,-11,44,68,77,2
85,9,72,-17,71,68,91,2
85,28,72,-12,25,97,44,2
85,19,75,-11,44,68,77,2
85,9,72,-17,71,68,91,2
85,28,72,-12,25,97,44,2
85,19,75,-11,44,68,77,2
85,9,72,-17,71,68,91,2
85,28,72,-12,25,97,44,2
85,19,75,-11,44,68,77,2
85,9,72,-17,71,68,91,2
85,28,72,-12,25,97,44,2
85,19,75,-11,44,68,77,2
85,9,72,-17,71,68,91,2
85,28,72,-12,25,97,44,2
85,19,75,-11,44,68,77,2
85,9,72,-17,71,68,91,2
85,28,72,-12,25,97,44,2
85,19,75,-11,44,68,77,2
85,9,72,-17,71,68,91,2
85,17,69,-17,26,90,81,2
85,25,70,-8,23,92,46,2
85,17,69,-17,26,90,81,2
85,25,70,-8,23,92,46,2
85,17,69,-17,26,90,81,2
85,25,70,-8,23,92,46,2
85,17,69,-17,26,90,81,2
85,25,70,-8,23,92,46,2
85,17,69,-17,26,90,81,2
85,25,70,-8,23,92,46,2
85,17,69,-17,26,90,81,2
85,25,70,-8,23,92,46,2
85,17,69,-17,26,90,81,2
85,25,70,-8,23,92,46,2
85,36,66,-13,17,120,37,2
85,22,64,-10,5,113,89,2
85,13,89,-12,38,104,83,2
85,33,76,-13,55,68,86,2
85,32,80,-14,18,96,53,2
85,22,64,-10,5,113,89,2
85,13,89,-12,38,104,83,2
85,33,76,-13,55,68,86,2
85,32,80,-14,18,96,53,2
85,22,64,-10,5,113,89,2
85,13,89,-12,38,104,83,2
85,33,76,-13,55,68,86,2
85,32,80,-14,18,96,53,2
85,22,64,-10,5,113,89,2
85,13,89,-12,38,104,83,2
85,33,76,-13,55,68,86,2
85,32,80,-14,18,96,53,2
85,22,64,-10,5,113,89,2
85,13,89,-12,38,104,83,2
85,33,76,-13,55,68,86,2
85,32,80,-14,18,96,53,2
85,22,64,-10,5,113,89,2
85,13,89,-12,38,104,83,2
85,33,76,-13,55,68,86,2
85,32,80,-14,18,96,53,2
85,22,64,-10,5,113,89,2
85,13,89,-12,38,104,83,2
85,33,76,-13,55,68,86,2
85,32,80,-14,18,96,53,2
85,42,90,-14,56,68,80,2
85,18,65,-16,33,68,78,2
85,42,90,-14,56,68,80,2
85,18,65,-16,33,68,78,2
85,42,90,-14,56,68,80,2
85,18,65,-16,33,68,78,2
85,42,90,-14,56,68,80,2
85,18,65,-16,33,68,78,2
85,42,90,-14,56,68,80,2
85,18,65,-16,33,68,78,2
85,42,90,-14,56,68,80,2
85,18,65,-16,33,68,78,2
85,42,90,-14,56,68,80,2
85,18,65,-16,33,68,78,2
85,28,74,-11,44,62,43,2
85,28,74,-11,44,62,43,2
85,28,74,-11,44,62,43,2
85,28,74,-11,44,62,43,2
85,28,74,-11,44,62,43,2
85,28,74,-11,44,62,43,2
85,28,74,-11,44,62,43,2
85,45,69,-12,43,184,26,2
85,31,64,-15,45,163,86,2
85,53,55,-8,41,272,19,1
85,35,56,-13,46,264,6,1
85,43,67,-10,34,190,12,1
85,94,44,-3,78,182,0,1
85,29,64,-10,41,258,67,1
85,87,42,-4,63,203,7,1
85,48,20,-5,17,269,47,1
85,56,40,-11,65,276,8,1
85,76,37,-9,64,302,22,1
85,32,52,-11,27,212,70,1
85,40,52,-13,63,221,21,1
84,19,70,-15,61,,91,2
84,13,56,-20,9,163,83,2
84,23,70,-18,16,161,41,2
84,21,77,-13,64,181,39,2
84,25,78,-15,8,138,65,2
84,56,62,-8,57,127,84,2
84,24,48,-15,33,167,52,2
84,25,78,-13,25,142,86,2
84,15,70,-12,7,103,54,2
84,52,75,-8,39,143,19,2
84,22,85,-13,59,208,4,2
84,23,68,-12,32,114,91,2
84,23,68,-12,32,114,91,2
84,23,68,-12,32,114,91,2
84,23,68,-12,32,114,91,2
84,23,68,-12,32,114,91,2
84,23,68,-12,32,114,91,2
84,23,68,-12,32,114,91,2
84,48,44,-10,13,186,89,2
84,42,42,-6,18,173,59,1
84,90,57,-8,88,225,2,1
84,45,62,-13,57,256,21,1
84,20,59,-11,17,255,90,1
84,37,54,-10,24,279,69,1
84,54,77,-7,32,280,37,1
84,56,53,-8,38,327,70,1
84,79,10,-4,18,277,0,1
84,48,50,-8,47,190,48,1
83,15,74,-13,31,130,90,2
83,40,63,-8,18,191,90,2
83,23,71,-15,11,183,81,2
83,39,66,-9,66,93,38,2
83,21,81,-15,39,81,87,2
83,50,45,-9,14,157,76,2
83,27,61,-15,22,117,86,2
83,23,43,-14,8,98,53,2
83,24,71,-18,30,139,69,2
83,36,70,-10,41,122,73,2
83,25,66,-15,6,185,52,2
83,28,62,-12,26,121,95,2
83,28,60,-13,22,170,77,2
83,17,77,-9,55,67,72,2
83,27,65,-17,43,177,92,2
83,33,51,-15,47,177,73,2
83,45,60,-10,80,265,37,1
83,25,42,-14,21,219,84,1
83,43,48,-6,61,157,69,1
83,42,47,-10,50,239,52,1
83,69,31,-7,18,278,41,1
83,18,30,-11,9,160,85,1
83,75,39,-7,27,215,78,1
83,67,43,-6,61,181,6,1
83,63,41,-7,44,220,51,1
82,21,74,-10,34,148,57,2
82,23,64,-11,47,122,36,2
82,23,58,-13,7,138,95,2
82,52,68,-8,24,138,37,2
82,18,77,-15,8,82,77,2
82,16,71,-15,12,149,59,2
82,17,61,-17,58,122,53,2
82,30,71,-12,42,121,83,2
82,9,55,-25,8,142,77,2
82,3,72,-14,36,130,13,2
82,18,68,-18,79,202,88,2
82,31,74,-11,27,163,86,2
82,28,55,-15,7,195,92,2
82,39,67,-7,10,149,70,2
82,7,76,-14,61,100,77,2
82,30,68,-11,32,125,85,2
82,16,52,-11,23,110,83,2
82,43,45,-14,58,94,95,2
82,31,72,-9,43,100,40,2
82,31,72,-9,43,100,40,2
82,31,72,-9,43,100,40,2
82,31,72,-9,43,100,40,2
82,31,72,-9,43,100,40,2
82,31,72,-9,43,100,40,2
82,31,72,-9,43,100,40,2
82,29,57,-16,7,70,47,2
82,29,57,-16,7,70,47,2
82,29,57,-16,7,70,47,2
82,29,57,-16,7,70,47,2
82,29,57,-16,7,70,47,2
82,29,57,-16,7,70,47,2
82,29,57,-16,7,70,47,2
82,27,62,-9,7,105,54,2
82,27,62,-9,7,105,54,2
82,27,62,-9,7,105,54,2
82,27,62,-9,7,105,54,2
82,27,62,-9,7,105,54,2
82,27,62,-9,7,105,54,2
82,27,62,-9,7,105,54,2
82,34,79,-12,55,94,91,2
82,43,54,-13,85,105,19,2
82,90,58,-3,68,191,19,1
82,34,34,-12,20,483,58,1
82,57,62,-12,90,231,27,1
82,48,68,-10,45,209,63,1
82,77,56,-10,43,261,12,1
82,42,44,-17,55,237,1,1
82,28,52,-18,41,230,6,1
82,20,32,-21,29,236,91,1
82,25,53,-16,34,197,52,1
82,47,41,-7,39,210,56,1
82,40,65,-15,86,237,48,1
82,52,43,-9,56,216,80,1
82,45,51,-7,33,230,36,1
82,38,68,-10,23,337,42,1
81,40,61,-11,62,140,80,2
81,31,66,-10,12,121,89,2
81,29,53,-14,40,96,38,2
81,31,37,-14,28,214,84,2
81,41,79,-10,46,145,25,2
81,22,55,-16,31,77,85,2
81,25,62,-16,70,133,95,2
81,21,72,-17,33,124,93,2
81,6,79,-15,82,222,81,2
81,18,59,-19,22,115,95,2
81,25,88,-9,58,146,35,2
81,28,79,-14,72,96,0,2
81,30,59,-18,7,169,91,2
81,27,69,-21,69,143,77,2
81,47,48,-10,42,305,19,1
81,64,55,-10,61,230,0,1
81,71,45,-10,77,267,23,1
81,86,44,-8,75,295,40,1
81,65,52,-7,72,259,34,1
81,50,69,-7,47,122,68,1
81,54,48,-11,58,508,49,1
81,42,15,-12,17,273,43,1
81,49,53,-8,10,384,54,1
81,65,50,-7,57,273,22,1
81,35,48,-10,71,120,78,1
81,24,54,-17,57,167,69,1
81,90,39,-7,20,255,4,1
81,25,39,-11,20,177,79,1
81,56,37,-11,42,224,75,1
81,62,63,-11,42,355,34,1
81,61,58,-10,46,278,16,1
80,56,64,-7,52,100,20,2
80,15,87,-12,89,108,50,2
80,20,62,-15,25,156,95,2
80,1,76,-22,21,180,54,2
80,9,44,-23,6,120,94,2
80,6,52,-25,9,132,97,2
80,8,77,-13,25,120,59,2
80,33,46,-14,8,115,60,2
80,21,61,-16,6,183,91,2
80,25,75,-14,56,158,90,2
80,20,74,-17,16,120,84,2
80,20,43,-14,17,147,41,2
80,14,65,-15,10,147,86,2
80,14,67,-12,13,114,62,2
80,29,75,-12,57,180,46,2
80,36,61,-14,48,119,86,2
80,13,75,-15,33,122,93,2
80,5,67,-14,10,115,95,2
80,46,67,-8,41,123,82,2
80,37,61,-11,9,144,87,2
80,31,70,-14,31,168,94,2
80,31,60,-12,34,161,71,2
80,21,74,-19,31,96,54,2
80,13,70,-19,6,96,72,2
80,35,65,-18,65,107,11,2
80,14,65,-17,37,186,87,2
80,41,59,-12,51,102,70,2
80,23,66,-9,31,108,98,2
80,44,50,-11,23,148,73,2
80,21,63,-17,6,146,91,2
80,6,63,-21,8,172,88,2
80,42,51,-17,48,84,92,2
80,33,77,-10,42,170,66,2
80,40,63,-11,16,120,65,2
80,4,80,-15,39,99,98,2
80,29,60,-16,11,144,87,2
80,32,63,-12,17,139,90,2
80,35,83,-8,20,122,44,2
80,28,63,-13,10,84,97,2
80,28,68,-11,26,135,74,2
80,50,58,-10,13,90,61,2
80,31,76,-8,47,153,48,2
80,8,66,-5,53,157,90,2
80,28,63,-13,10,84,97,2
80,57,68,-8,6,111,46,2
80,18,53,-23,32,79,92,2
80,21,74,-11,35,132,93,2
80,30,66,-16,38,88,42,2
80,34,73,-11,18,162,63,2
80,46,66,-10,20,108,92,2
80,19,55,-17,16,168,44,2
80,32,59,-14,12,96,87,2
80,23,64,-17,25,98,82,2
80,21,82,-16,82,132,69,2
80,44,88,-8,44,122,82,2
80,21,57,-14,36,138,78,2
80,26,66,-11,29,84,6,2
80,39,84,-13,56,81,15,2
80,19,71,-15,44,130,83,2
80,37,68,-15,43,118,27,2
80,13,70,-16,22,123,94,2
80,22,59,-16,10,159,86,2
80,39,54,-12,14,158,96,2
80,29,82,-12,32,125,94,2
80,38,61,-14,59,207,69,2
80,43,54,-12,45,185,46,2
80,21,62,-10,12,122,71,2
80,36,58,-10,44,108,51,2
80,39,69,-8,15,175,55,2
80,19,62,-12,46,110,82,2
80,43,73,-9,59,108,88,2
80,22,79,-13,14,135,84,2
80,22,79,-13,14,135,84,2
80,22,79,-13,14,135,84,2
80,22,79,-13,14,135,84,2
80,22,79,-13,14,135,84,2
80,22,79,-13,14,135,84,2
80,22,79,-13,14,135,84,2
80,15,73,-15,10,96,70,2
80,36,62,-12,23,144,11,2
80,32,82,-13,24,144,63,2
80,36,62,-12,23,144,11,2
80,15,73,-15,10,96,70,2
80,36,62,-12,23,144,11,2
80,32,82,-13,24,144,63,2
80,15,73,-15,10,96,70,2
80,36,62,-12,23,144,11,2
80,32,82,-13,24,144,63,2
80,15,73,-15,10,96,70,2
80,32,82,-13,24,144,63,2
80,36,62,-12,23,144,11,2
80,15,73,-15,10,96,70,2
80,32,82,-13,24,144,63,2
80,36,62,-12,23,144,11,2
80,15,73,-15,10,96,70,2
80,32,82,-13,24,144,63,2
80,15,73,-15,10,96,70,2
80,36,62,-12,23,144,11,2
80,32,82,-13,24,144,63,2
80,22,64,-11,14,120,30,2
80,18,82,-13,25,72,35,2
80,22,64,-11,14,120,30,2
80,18,82,-13,25,72,35,2
80,22,64,-11,14,120,30,2
80,18,82,-13,25,72,35,2
80,22,64,-11,14,120,30,2
80,18,82,-13,25,72,35,2
80,22,64,-11,14,120,30,2
80,18,82,-13,25,72,35,2
80,22,64,-11,14,120,30,2
80,18,82,-13,25,72,35,2
80,22,64,-11,14,120,30,2
80,18,82,-13,25,72,35,2
80,19,74,-13,30,144,41,2
80,19,74,-13,30,144,41,2
80,19,74,-13,30,144,41,2
80,19,74,-13,30,144,41,2
80,19,74,-13,30,144,41,2
80,19,74,-13,30,144,41,2
80,19,74,-13,30,144,41,2
80,17,52,-18,39,72,46,2
80,24,68,-14,13,126,79,2
80,13,81,-18,13,120,73,2
80,17,52,-18,39,72,46,2
80,24,68,-14,13,126,79,2
80,13,81,-18,13,120,73,2
80,17,52,-18,39,72,46,2
80,24,68,-14,13,126,79,2
80,13,81,-18,13,120,73,2
80,17,52,-18,39,72,46,2
80,24,68,-14,13,126,79,2
80,13,81,-18,13,120,73,2
80,17,52,-18,39,72,46,2
80,24,68,-14,13,126,79,2
80,13,81,-18,13,120,73,2
80,17,52,-18,39,72,46,2
80,24,68,-14,13,126,79,2
80,13,81,-18,13,120,73,2
80,17,52,-18,39,72,46,2
80,24,68,-14,13,126,79,2
80,13,81,-18,13,120,73,2
80,25,86,-11,46,96,41,2
80,14,74,-12,12,96,83,2
80,31,60,-12,12,72,68,2
80,31,60,-12,12,72,68,2
80,31,60,-12,12,72,68,2
80,31,60,-12,12,72,68,2
80,31,60,-12,12,72,68,2
80,31,60,-12,12,72,68,2
80,31,60,-12,12,72,68,2
80,24,75,-13,15,72,14,2
80,24,75,-13,15,72,14,2
80,24,75,-13,15,72,14,2
80,24,75,-13,15,72,14,2
80,24,75,-13,15,72,14,2
80,24,75,-13,15,72,14,2
80,24,75,-13,15,72,14,2
80,27,74,-13,34,144,34,2
80,27,74,-13,34,144,34,2
80,27,74,-13,34,144,34,2
80,27,74,-13,34,144,34,2
80,27,74,-13,34,144,34,2
80,27,74,-13,34,144,34,2
80,27,74,-13,34,144,34,2
80,77,62,-9,58,96,56,2
80,21,67,-13,12,126,66,2
80,43,69,-14,28,144,17,2
80,28,72,-14,52,138,61,2
80,38,55,-16,5,138,68,2
80,17,65,-17,36,144,76,2
80,64,29,-9,23,536,2,1
80,51,65,-10,39,241,7,1
80,97,73,-2,97,235,10,1
80,72,51,-6,47,262,27,1
80,42,48,-11,51,125,46,1
80,77,78,-4,51,404,4,1
80,78,53,-6,96,167,71,1
80,21,15,-14,26,293,82,1
80,45,31,-6,21,250,95,1
80,66,55,-7,52,244,39,1
80,47,62,-6,33,211,31,1
80,50,50,-11,34,201,35,1
80,9,46,-15,31,282,97,1
80,14,22,-15,13,267,86,1
80,48,59,-9,49,324,39,1
80,29,26,-10,25,198,14,1
80,33,49,-12,14,233,1,1
80,81,37,-6,65,209,3,1
79,60,67,-10,81,131,85,2
79,31,81,-11,23,155,31,2
79,28,57,-18,8,173,13,2
79,8,74,-15,4,144,80,2
79,19,55,-21,8,249,85,2
79,18,51,-14,8,146,93,2
79,13,82,-11,45,122,64,2
79,11,63,-25,14,140,89,2
79,29,64,-15,14,155,43,2
79,38,78,-11,32,123,83,2
79,40,77,-12,51,112,69,2
79,25,78,-12,37,174,5,2
79,42,54,-10,25,126,82,2
79,31,73,-13,6,197,87,2
79,45,78,-6,59,282,47,1
79,64,47,-6,50,260,15,1
79,27,19,-9,10,263,86,1
79,33,40,-9,55,174,86,1
79,36,53,-7,40,238,53,1
79,60,51,-9,40,265,44,1
79,18,33,-12,26,217,94,1
79,60,56,-7,44,210,18,1
79,44,22,-9,13,419,50,1
78,11,65,-16,19,87,97,2
78,19,53,-16,33,157,98,2
78,14,68,-11,8,148,96,2
78,25,64,-14,17,176,73,2
78,48,53,-8,49,137,52,2
78,51,40,-9,19,123,90,2
78,27,66,-13,22,136,91,2
78,34,78,-17,66,80,98,2
78,38,51,-7,18,160,63,2
78,33,74,-11,37,128,44,2
78,34,58,-14,10,197,47,2
78,22,57,-15,9,128,61,2
78,11,61,-17,15,123,96,2
78,28,82,-9,40,123,72,2
78,41,53,-8,10,151,58,2
78,7,56,-20,9,138,91,2
78,68,66,-9,59,428,27,1
78,51,38,-13,74,331,2,1
78,14,26,-14,14,345,87,1
77,24,83,-14,52,154,72,2
77,9,69,-13,33,154,86,2
77,23,63,-17,27,127,90,2
77,23,63,-17,27,127,90,2
77,24,80,-11,53,166,79,2
77,15,65,-16,18,150,76,2
77,7,63,-29,45,129,61,2
77,36,62,-12,11,125,28,2
77,27,62,-7,55,199,77,2
77,52,64,-9,14,114,37,2
77,29,79,-13,35,156,59,2
77,25,48,-14,8,131,98,2
77,27,70,-16,12,75,62,2
77,27,70,-16,12,75,62,2
77,27,70,-16,12,75,62,2
77,27,70,-16,12,75,62,2
77,27,70,-16,12,75,62,2
77,27,70,-16,12,75,62,2
77,27,70,-16,12,75,62,2
77,29,72,-14,18,75,37,2
77,29,72,-14,18,75,37,2
77,29,72,-14,18,75,37,2
77,29,72,-14,18,75,37,2
77,29,72,-14,18,75,37,2
77,29,72,-14,18,75,37,2
77,29,72,-14,18,75,37,2
77,35,52,-12,17,180,35,2
77,31,53,-14,11,152,95,2
77,51,57,-7,51,484,23,1
77,68,36,-6,20,343,32,1
77,29,55,-17,49,256,33,1
77,18,55,-11,9,212,89,1
77,42,62,-9,22,331,2,1
77,29,59,-11,73,216,57,1
77,17,27,-21,20,139,73,1
77,57,54,-8,73,290,1,1
77,76,60,-7,72,163,71,1
77,70,41,-9,37,309,22,1
77,52,44,-9,18,305,18,1
77,89,69,-6,91,182,9,1
77,13,44,-19,13,239,81,1
76,15,44,-13,21,126,94,2
76,26,52,-17,6,152,95,2
76,26,55,-17,11,114,62,2
76,31,57,-10,16,144,63,2
76,29,61,-15,18,133,92,2
76,39,58,-11,33,120,80,2
76,10,74,-19,48,158,43,2
76,6,39,-11,14,146,89,2
76,22,63,-16,8,143,91,2
76,9,72,-15,78,81,70,2
76,13,59,-16,36,80,79,2
76,36,68,-14,45,78,91,2
76,13,81,-14,59,167,88,2
76,26,55,-12,17,188,91,1
76,55,35,-7,8,286,42,1
76,52,73,-10,95,173,8,1
76,35,61,-14,36,201,50,1
76,57,46,-4,10,239,58,1
76,39,26,-11,12,229,6,1
76,71,52,-7,54,264,25,1
76,5,63,-21,20,301,56,1
76,58,35,-8,11,223,6,1
76,24,18,-15,12,235,42,1
76,77,46,-5,35,234,1,1
76,66,22,-10,32,344,2,1
76,44,31,-7,22,258,41,1
75,9,65,-22,14,154,96,2
75,11,39,-22,10,162,93,2
75,1,49,-28,7,132,79,2
75,1,65,-27,18,188,65,2
75,23,75,-11,13,158,73,2
75,20,66,-16,6,109,94,2
75,4,54,-18,11,150,86,2
75,12,80,-14,34,116,68,2
75,25,82,-9,28,129,88,2
75,26,54,-16,6,189,88,2
75,17,69,-14,16,182,95,2
75,19,81,-13,72,134,51,2
75,28,72,-9,36,141,29,2
75,15,68,-12,26,194,64,2
75,43,57,-10,62,161,47,2
75,30,53,-7,19,130,70,2
75,27,67,-7,7,145,81,2
75,27,53,-18,10,205,70,2
75,19,66,-19,50,78,89,2
75,22,79,-14,50,103,40,2
75,41,75,-9,44,85,78,2
75,34,49,-12,16,97,79,2
75,20,69,-13,34,132,45,2
75,15,64,-12,25,105,35,2
75,32,74,-8,36,121,87,2
75,22,73,-9,27,147,81,2
75,56,75,-12,12,100,17,2
75,13,79,-15,24,80,86,2
75,24,24,-12,14,96,95,2
75,22,78,-11,59,123,34,2
75,27,68,-10,28,141,70,2
75,14,69,-17,37,78,98,2
75,6,70,-24,14,154,94,2
75,35,65,-17,19,162,93,2
75,37,78,-13,17,154,97,2
75,17,73,-16,27,102,92,2
75,34,43,-14,21,102,37,2
75,17,73,-16,27,102,92,2
75,34,43,-14,21,102,37,2
75,17,73,-16,27,102,92,2
75,34,43,-14,21,102,37,2
75,17,73,-16,27,102,92,2
75,34,43,-14,21,102,37,2
75,17,73,-16,27,102,92,2
75,34,43,-14,21,102,37,2
75,17,73,-16,27,102,92,2
75,34,43,-14,21,102,37,2
75,17,73,-16,27,102,92,2
75,34,43,-14,21,102,37,2
75,17,61,-17,12,106,89,2
75,17,61,-17,12,106,89,2
75,17,61,-17,12,106,89,2
75,17,61,-17,12,106,89,2
75,17,61,-17,12,106,89,2
75,17,61,-17,12,106,89,2
75,17,61,-17,12,106,89,2
75,35,61,-14,26,154,31,2
75,50,56,-13,41,102,43,2
75,15,81,-14,54,64,62,2
75,71,60,-4,55,200,39,1
75,55,48,-7,24,253,37,1
75,88,28,-6,60,341,1,1
75,51,36,-9,32,264,6,1
75,38,40,-7,23,277,70,1
75,66,53,-6,76,159,43,1
75,64,37,-6,20,355,0,1
75,92,51,-5,31,272,1,1
75,67,30,-5,68,306,3,1
75,41,52,-13,28,511,20,1
75,53,44,-8,35,247,4,1
75,66,40,-10,51,413,77,1
74,15,59,-20,6,134,95,2
74,13,74,-17,11,95,83,2
74,13,74,-17,11,95,83,2
74,54,57,-9,22,144,77,2
74,6,62,-17,20,143,97,2
74,40,67,-10,16,169,96,2
74,18,70,-13,50,164,89,2
74,9,57,-19,3,158,90,2
74,8,60,-20,14,133,94,2
74,34,53,-18,26,143,79,2
74,16,69,-12,16,172,84,2
74,59,67,-11,11,130,49,2
74,32,61,-14,20,208,98,2
74,47,65,-14,9,82,63,2
74,65,67,-8,67,117,83,2
74,65,62,-7,56,288,57,1
74,42,69,-11,47,193,8,1
74,23,45,-13,13,291,17,1
74,63,46,-7,59,239,9,1
74,30,43,-14,16,278,70,1
74,17,33,-13,10,219,91,1
73,8,62,-18,16,148,93,2
73,28,58,-13,14,188,93,2
73,43,62,-17,27,150,96,2
73,39,49,-12,9,123,92,2
73,28,61,-9,39,214,93,1
73,45,53,-15,29,427,19,1
73,30,36,-15,13,469,86,1
73,26,52,-14,20,213,76,1
73,34,44,-13,30,219,48,1
73,18,26,-10,11,319,84,1
73,25,49,-11,27,202,88,1
72,4,38,-16,16,163,96,2
72,34,73,-12,8,154,88,2
72,10,50,-17,17,153,93,2
72,38,68,-10,37,199,79,2
72,37,71,-13,52,55,90,2
72,87,43,-3,73,214,5,1
72,33,45,-13,27,184,82,1
71,3,78,-18,23,122,90,2
71,53,52,-8,43,146,18,1
71,58,39,-7,38,295,47,1
70,13,79,-9,42,123,88,2
70,4,51,-25,7,149,92,2
70,30,72,-10,26,198,71,2
70,21,78,-10,57,124,91,2
70,18,67,-13,19,157,35,2
70,7,66,-23,56,62,95,2
70,47,67,-10,36,132,19,2
70,13,76,-12,17,131,97,2
70,22,55,-10,20,110,94,2
70,22,55,-10,20,110,94,2
70,22,55,-10,20,110,94,2
70,22,55,-10,20,110,94,2
70,22,55,-10,20,110,94,2
70,22,55,-10,20,110,94,2
70,22,55,-10,20,110,94,2
70,7,74,-23,19,165,64,2
70,35,69,-13,48,111,84,2
70,16,63,-16,10,189,89,2
69,26,84,-14,66,142,54,2
69,21,73,-9,40,145,1,2
69,26,84,-14,66,142,54,2
69,62,59,-6,27,186,2,1
68,2,86,-18,39,156,89,2
68,13,62,-20,27,134,93,2
68,9,71,-17,27,164,96,2
68,37,55,-12,25,131,90,2
68,21,74,-17,31,172,84,2
68,37,59,-14,7,99,51,2
68,37,59,-14,7,99,51,2
68,37,59,-14,7,99,51,2
68,37,59,-14,7,99,51,2
68,37,59,-14,7,99,51,2
68,37,59,-14,7,99,51,2
68,37,59,-14,7,99,51,2
68,72,60,-4,37,242,8,1
68,45,44,-7,24,305,89,1
68,51,33,-9,29,215,40,1
67,3,60,-20,13,136,93,2
67,16,84,-11,29,127,98,2
67,18,63,-19,7,136,88,2
67,21,31,-13,11,271,84,1
67,13,47,-14,36,281,93,1
67,12,16,-18,24,195,88,1
66,11,55,-23,5,200,96,2
66,9,36,-18,19,187,92,1
65,13,61,-13,11,185,93,2
65,44,39,-6,4,141,63,2
65,33,45,-13,4,90,18,2
65,33,45,-13,4,90,18,2
65,33,45,-13,4,90,18,2
65,33,45,-13,4,90,18,2
65,33,45,-13,4,90,18,2
65,33,45,-13,4,90,18,2
65,33,45,-13,4,90,18,2
65,33,31,-9,67,208,5,1
64,46,27,-7,17,179,38,1
63,13,53,-16,58,204,61,1
62,26,59,-17,14,178,90,2
61,19,25,-16,7,171,99,2
61,16,64,-20,14,136,93,2
61,25,49,-14,6,251,41,1
61,36,34,-11,9,312,11,1
60,12,48,-24,6,150,82,2
60,17,35,-9,18,166,91,2
60,22,23,-13,18,214,95,1
59,18,63,-12,14,134,85,2
58,40,25,-9,11,245,45,1
49,37,39,-11,51,293,21,1
47,4,52,-16,82,92,88,2
38,18,81,-12,47,100,16,2
37,25,27,-12,13,207,80,1
32,25,56,-10,45,136,46,2
